	<Adapter AdapterCode="NNSHV">
		<!-- OTA Status Codes -->
		<TranslationData TranslationType="STS" OTACode="30.STS" SupplierCode="ok" PrimarySupplierCodeInd="true"/>
		<TranslationData TranslationType="STS" OTACode="32.STS" SupplierCode="Pending" PrimarySupplierCodeInd="true"/>
		<TranslationData TranslationType="STS" OTACode="32.STS" SupplierCode="Declined" PrimarySupplierCodeInd="true"/>
		<TranslationData TranslationType="STS" OTACode="32.STS" SupplierCode="Unknown" PrimarySupplierCodeInd="true"/>
		<TranslationData TranslationType="STS" OTACode="32.STS" SupplierCode="PendingCustomerAction" PrimarySupplierCodeInd="true"/>
		<TranslationData TranslationType="STS" OTACode="26.STS" SupplierCode="Approved" PrimarySupplierCodeInd="true"/>
		<TranslationData TranslationType="STS" OTACode="26.STS" SupplierCode="Received" PrimarySupplierCodeInd="true"/>
		
		<!-- OTA Status Codes For Cabin class-->		
		<TranslationData TranslationType="FCC" OTACode="Economy" SupplierCode="A" PrimarySupplierCodeInd="true"/>
		<TranslationData TranslationType="FCC" OTACode="Economy" SupplierCode="B" PrimarySupplierCodeInd="true"/>
		<TranslationData TranslationType="FCC" OTACode="Economy" SupplierCode="C" PrimarySupplierCodeInd="true"/>
		
		<!-- FFT Fare family translation -->
        <TranslationData TranslationType="FFT" OTACode="Basic" SupplierCode="A" PrimarySupplierCodeInd="true"/>
        <TranslationData TranslationType="FFT" OTACode="Plus" SupplierCode="B" PrimarySupplierCodeInd="true"/>
        <TranslationData TranslationType="FFT" OTACode="Max" SupplierCode="C" PrimarySupplierCodeInd="true"/>
        
	    <!-- Seat Availability -->
        <TranslationData TranslationType="SAV" OTACode="1.SAV" SupplierCode="Open" PrimarySupplierCodeInd="true"/>
        <TranslationData TranslationType="SAV" OTACode="2.SAV" SupplierCode="Reserved" PrimarySupplierCodeInd="true"/>
        <TranslationData TranslationType="SAV" OTACode="3.SAV" SupplierCode="Unavail" PrimarySupplierCodeInd="true"/>
        <TranslationData TranslationType="SAV" OTACode="3.SAV" SupplierCode="Unknown" PrimarySupplierCodeInd="true"/>
        <TranslationData TranslationType="SAV" OTACode="3.SAV" SupplierCode="Restricted" PrimarySupplierCodeInd="true"/>
        <TranslationData TranslationType="SAV" OTACode="5.SAV" SupplierCode="CheckedIn" PrimarySupplierCodeInd="true"/>
        <TranslationData TranslationType="SAV" OTACode="24.SAV" SupplierCode="HeldForThisSession" PrimarySupplierCodeInd="true"/>
        <TranslationData TranslationType="SAV" OTACode="24.SAV" SupplierCode="HeldForAnotherSession" PrimarySupplierCodeInd="true"/>
        <TranslationData TranslationType="SAV" OTACode="24.SAV" SupplierCode="Blocked" PrimarySupplierCodeInd="true"/>
        <TranslationData TranslationType="SAV" OTACode="2.SAV" SupplierCode="ReservedForPNR" PrimarySupplierCodeInd="true"/>
        <TranslationData TranslationType="SAV" OTACode="24.SAV" SupplierCode="FleetBlocked" PrimarySupplierCodeInd="true"/>
        <TranslationData TranslationType="SAV" OTACode="3.SAV" SupplierCode="Missing" PrimarySupplierCodeInd="true"/>
        <TranslationData TranslationType="SAV" OTACode="3.SAV" SupplierCode="NotVisible" PrimarySupplierCodeInd="true"/>
        <TranslationData TranslationType="SAV" OTACode="3.SAV" SupplierCode="Broken" PrimarySupplierCodeInd="true"/>
        <TranslationData TranslationType="SAV" OTACode="3.SAV" SupplierCode="Unmapped" PrimarySupplierCodeInd="true"/>

        <!-- Air Seat Type -->
        <TranslationData TranslationType="AST" OTACode="3.AST" SupplierCode="AISLE" PrimarySupplierCodeInd="true"/>
        <TranslationData TranslationType="AST" OTACode="79.AST" SupplierCode="BASSINET" PrimarySupplierCodeInd="true"/>
        <TranslationData TranslationType="AST" OTACode="10.AST" SupplierCode="BULKHEAD" PrimarySupplierCodeInd="true"/>
        <TranslationData TranslationType="AST" OTACode="9.AST" SupplierCode="BUFFER" PrimarySupplierCodeInd="true"/>
        <TranslationData TranslationType="AST" OTACode="39.AST" SupplierCode="CLOSET" PrimarySupplierCodeInd="true"/>
        <TranslationData TranslationType="AST" OTACode="80.AST" SupplierCode="DISABIL" PrimarySupplierCodeInd="true"/>
        <TranslationData TranslationType="AST" OTACode="16.AST" SupplierCode="ELECTCNX" PrimarySupplierCodeInd="true"/>
        <TranslationData TranslationType="AST" OTACode="17.AST" SupplierCode="EXITROW" PrimarySupplierCodeInd="true"/>
        <TranslationData TranslationType="AST" OTACode="41.AST" SupplierCode="GALLEY" PrimarySupplierCodeInd="true"/>
        <TranslationData TranslationType="AST" OTACode="75.AST" SupplierCode="INFANT" PrimarySupplierCodeInd="true"/>
        <TranslationData TranslationType="AST" OTACode="42.AST" SupplierCode="LAVATORY" PrimarySupplierCodeInd="true"/>
        <TranslationData TranslationType="AST" OTACode="32.AST" SupplierCode="LEGROOM" PrimarySupplierCodeInd="true"/>
        <TranslationData TranslationType="AST" OTACode="73.AST" SupplierCode="NCHILD" PrimarySupplierCodeInd="true"/>
        <TranslationData TranslationType="AST" OTACode="49.AST" SupplierCode="NSMOKING" PrimarySupplierCodeInd="true"/>
        <TranslationData TranslationType="AST" OTACode="87.AST" SupplierCode="NWINDOW" PrimarySupplierCodeInd="true"/>
        <TranslationData TranslationType="AST" OTACode="59.AST" SupplierCode="PET" PrimarySupplierCodeInd="true"/>
        <TranslationData TranslationType="AST" OTACode="60.AST" SupplierCode="PREFER" PrimarySupplierCodeInd="true"/>
        <TranslationData TranslationType="AST" OTACode="72.AST" SupplierCode="QUIET" PrimarySupplierCodeInd="true"/>
        <TranslationData TranslationType="AST" OTACode="63.AST" SupplierCode="RECLINE" PrimarySupplierCodeInd="true"/>
        <TranslationData TranslationType="AST" OTACode="62.AST" SupplierCode="RESTRICT" PrimarySupplierCodeInd="true"/>
        <TranslationData TranslationType="AST" OTACode="83.AST" SupplierCode="SMOKING" PrimarySupplierCodeInd="true"/>
        <TranslationData TranslationType="AST" OTACode="85.AST" SupplierCode="WINDOW" PrimarySupplierCodeInd="true"/>
        <TranslationData TranslationType="AST" OTACode="58.AST" SupplierCode="WING" PrimarySupplierCodeInd="true"/>
        
        <!-- OTA Status Codes For SSR-->
		<TranslationData TranslationType="SSR" OTACode="BGSPSF" SupplierCode="SURF" PrimarySupplierCodeInd="true"/>
		<TranslationData TranslationType="SSR" OTACode="BGSPBI" SupplierCode="BIKE" PrimarySupplierCodeInd="true"/>
		<TranslationData TranslationType="SSR" OTACode="BGSPSK" SupplierCode="SKIS" PrimarySupplierCodeInd="true"/>
		<TranslationData TranslationType="SSR" OTACode="BGSPGF" SupplierCode="GOLF" PrimarySupplierCodeInd="true"/>
		<TranslationData TranslationType="SSR" OTACode="BGSPFI" SupplierCode="FISH" PrimarySupplierCodeInd="true"/>
		<TranslationData TranslationType="SSR" OTACode="BGSPSE" SupplierCode="DIVE" PrimarySupplierCodeInd="true"/>
		<TranslationData TranslationType="SSR" OTACode="BGSPHG" SupplierCode="DELT" PrimarySupplierCodeInd="true"/>
		<TranslationData TranslationType="SSR" OTACode="INF" SupplierCode="INFT" PrimarySupplierCodeInd="true"/>
		
		<TranslationData TranslationType="SSR" OTACode="PTPC" SupplierCode="PETC" PrimarySupplierCodeInd="true"/>
		<TranslationData TranslationType="SSR" OTACode="PTPH" SupplierCode="AVIH" PrimarySupplierCodeInd="true"/>
		
		<TranslationData TranslationType="SSR" OTACode="WCHR" SupplierCode="WCHR" PrimarySupplierCodeInd="true"/>
		<TranslationData TranslationType="SSR" OTACode="WCHS" SupplierCode="WCHS" PrimarySupplierCodeInd="true"/>
		
		
		<TranslationData TranslationType="SSR" OTACode="BGPP15" SupplierCode="5B15" PrimarySupplierCodeInd="true"/>
		<TranslationData TranslationType="SSR" OTACode="BGPP20" SupplierCode="5B20" PrimarySupplierCodeInd="true"/>
		<TranslationData TranslationType="SSR" OTACode="BGPP25" SupplierCode="5B25" PrimarySupplierCodeInd="true"/>
		<TranslationData TranslationType="SSR" OTACode="BGPP30" SupplierCode="5B30" PrimarySupplierCodeInd="true"/>
		<TranslationData TranslationType="SSR" OTACode="BGPP40" SupplierCode="5B40" PrimarySupplierCodeInd="true"/>
		<TranslationData TranslationType="SSR" OTACode="BGPP50" SupplierCode="5B50" PrimarySupplierCodeInd="true"/>

		<TranslationData TranslationType="SSR" OTACode="SA__X0Z1" SupplierCode="2" PrimarySupplierCodeInd="true"/>
		<!--  TranslationData TranslationType="SSR" OTACode="SA" SupplierCode="10" PrimarySupplierCodeInd="true"/>
        <TranslationData TranslationType="SSR" OTACode="SA" SupplierCode="0" PrimarySupplierCodeInd="true"/-->
        <TranslationData TranslationType="SSR" OTACode="SA__PR" SupplierCode="1" PrimarySupplierCodeInd="true"/>
        
        <TranslationData TranslationType="SSR" OTACode="SA" SupplierCode="15" PrimarySupplierCodeInd="true"/>
        <TranslationData TranslationType="SSR" OTACode="SA__PRX0Z1" SupplierCode="30" PrimarySupplierCodeInd="true"/>        
        <TranslationData TranslationType="SSR" OTACode="SA__PRX0Z3" SupplierCode="45" PrimarySupplierCodeInd="true"/>
        <TranslationData TranslationType="SSR" OTACode="SABH" SupplierCode="60" PrimarySupplierCodeInd="true"/>
        <!-- TranslationData TranslationType="SSR" OTACode="SA" SupplierCode="75" PrimarySupplierCodeInd="true"/-->
        
       
		<!-- Option Codes -->
		<TranslationData TranslationType="OPT" OTACode="BGSP" SupplierCode="SPEQ" PrimarySupplierCodeInd="true"/>
		<TranslationData TranslationType="OPT" OTACode="BGPP" SupplierCode="BAGW" PrimarySupplierCodeInd="true"/>
		
		<!--Option code for PET -->
		<TranslationData TranslationType="OPT" OTACode="PTPC" SupplierCode="PET:PETC" PrimarySupplierCodeInd="true"/>
		<TranslationData TranslationType="OPT" OTACode="PTPH" SupplierCode="PET:AVIH" PrimarySupplierCodeInd="true"/>
		<!--Option code for sports equipments -->
		<TranslationData TranslationType="OPT" OTACode="BGSPBI" SupplierCode="SPEQ:BIKE" PrimarySupplierCodeInd="true"/>
		<TranslationData TranslationType="OPT" OTACode="BGSPHG" SupplierCode="SPEQ:DELT" PrimarySupplierCodeInd="true"/>
		<TranslationData TranslationType="OPT" OTACode="BGSPSE" SupplierCode="SPEQ:DIVE" PrimarySupplierCodeInd="true"/>
		<TranslationData TranslationType="OPT" OTACode="BGSPFI" SupplierCode="SPEQ:FISH" PrimarySupplierCodeInd="true"/>
		<TranslationData TranslationType="OPT" OTACode="BGSPGF" SupplierCode="SPEQ:GOLF" PrimarySupplierCodeInd="true"/>
		<TranslationData TranslationType="OPT" OTACode="BGSPSK" SupplierCode="SPEQ:SKIS" PrimarySupplierCodeInd="true"/>
		<TranslationData TranslationType="OPT" OTACode="BGSPSF" SupplierCode="SPEQ:SURF" PrimarySupplierCodeInd="true"/>
		
		<!--Option code for Bags -->
		<TranslationData TranslationType="OPT" OTACode="BGPP15" SupplierCode="BAGW:5B15" PrimarySupplierCodeInd="true"/>
		<TranslationData TranslationType="OPT" OTACode="BGPP20" SupplierCode="BAGW:5B20" PrimarySupplierCodeInd="true"/>
		<TranslationData TranslationType="OPT" OTACode="BGPP25" SupplierCode="BAGW:5B25" PrimarySupplierCodeInd="true"/>
		<TranslationData TranslationType="OPT" OTACode="BGPP30" SupplierCode="BAGW:5B30" PrimarySupplierCodeInd="true"/>
		<TranslationData TranslationType="OPT" OTACode="BGPP40" SupplierCode="BAGW:5B40" PrimarySupplierCodeInd="true"/>
		<TranslationData TranslationType="OPT" OTACode="BGPP50" SupplierCode="BAGW:5B50" PrimarySupplierCodeInd="true"/>
		
		<!-- TranslationData TranslationType="OPT" OTACode="SA" SupplierCode="SEAT:0" PrimarySupplierCodeInd="true"/>
        <TranslationData TranslationType="OPT" OTACode="SA" SupplierCode="SEAT:10" PrimarySupplierCodeInd="true"/-->
	    <TranslationData TranslationType="OPT" OTACode="SA__X0Z1" SupplierCode="SEAT:2" PrimarySupplierCodeInd="true"/>
        <TranslationData TranslationType="OPT" OTACode="SA__PR" SupplierCode="SEAT:1" PrimarySupplierCodeInd="true"/>
        
        <TranslationData TranslationType="OPT" OTACode="SA" SupplierCode="SEAT:15" PrimarySupplierCodeInd="true"/>
        <TranslationData TranslationType="OPT" OTACode="SA__PRX0Z1" SupplierCode="SEAT:30" PrimarySupplierCodeInd="true"/>        
        <TranslationData TranslationType="OPT" OTACode="SA__PRX0Z3" SupplierCode="SEAT:45" PrimarySupplierCodeInd="true"/>
        <TranslationData TranslationType="OPT" OTACode="SABH" SupplierCode="SEAT:60" PrimarySupplierCodeInd="true"/>
        <!-- TranslationData TranslationType="OPT" OTACode="SA" SupplierCode="SEAT:75" PrimarySupplierCodeInd="true"/-->
        
        
        
	</Adapter>
