<?xml version="1.0"?>
<JDIDs>
	<jdid id="100">
		<candidateID id="101">
			<levelOfInterview level="1">
				<scheduledTime>9.45am</scheduledTime>
				<status>0</status>
			</levelOfInterview>
			<levelOfInterview level="2">
				<scheduledTime>11.45am</scheduledTime>
				<status>0</status>
			</levelOfInterview>
			<levelOfInterview level="3">
				<scheduledTime>1.45pm</scheduledTime>
				<status>0</status>
			</levelOfInterview>
		</candidateID>
	</jdid>
	<jdid id="105">
		<candidateID id="102">
			<levelOfInterview level="1">
				<scheduledTime>9.45am</scheduledTime>
				<status>0</status>
			</levelOfInterview>
			<levelOfInterview level="2">
				<scheduledTime>11.45am</scheduledTime>
				<status>1</status>
			</levelOfInterview>
		</candidateID>
	</jdid>
	<jdid id="107">
		<candidateID id="103">
			<levelOfInterview level="1">
				<scheduledTime>9.45am</scheduledTime>
				<status>0</status>
			</levelOfInterview>
			<levelOfInterview level="2">
				<scheduledTime>11.45am</scheduledTime>
				<status>1</status>
			</levelOfInterview>
		</candidateID>
	</jdid>
	<jdid id="108">
		<candidateID id="104">
			<levelOfInterview level="1">
				<scheduledTime>9.45am</scheduledTime>
				<status>0</status>
			</levelOfInterview>
			<levelOfInterview level="2">
				<scheduledTime>11.45am</scheduledTime>
				<status>0</status>
			</levelOfInterview>
			<levelOfInterview level="2">
				<scheduledTime>1.45pm</scheduledTime>
				<status>1</status>
			</levelOfInterview>
		</candidateID>
	</jdid>
</JDIDs>