<Adapter AdapterCode="NNS6E">
   <!--OTA Status Codes-->
   <TranslationData TranslationType="STS" OTACode="32.STS" SupplierCode="Acknowledged" PrimarySupplierCodeInd="true"/>
   <TranslationData TranslationType="STS" OTACode="32.STS" SupplierCode="Pending" PrimarySupplierCodeInd="true"/>
   <TranslationData TranslationType="STS" OTACode="32.STS" SupplierCode="InProcess" PrimarySupplierCodeInd="true"/>
   <TranslationData TranslationType="STS" OTACode="32.STS" SupplierCode="Declined" PrimarySupplierCodeInd="true"/>
   <TranslationData TranslationType="STS" OTACode="32.STS" SupplierCode="Referral" PrimarySupplierCodeInd="true"/>
   <TranslationData TranslationType="STS" OTACode="32.STS" SupplierCode="PickUpCard" PrimarySupplierCodeInd="true"/>
   <TranslationData TranslationType="STS" OTACode="32.STS" SupplierCode="HotCard" PrimarySupplierCodeInd="true"/>
   <TranslationData TranslationType="STS" OTACode="32.STS" SupplierCode="Voided" PrimarySupplierCodeInd="true"/>
   <TranslationData TranslationType="STS" OTACode="32.STS" SupplierCode="Retrieval" PrimarySupplierCodeInd="true"/>
   <TranslationData TranslationType="STS" OTACode="32.STS" SupplierCode="ChargedBack" PrimarySupplierCodeInd="true"/>
   <TranslationData TranslationType="STS" OTACode="32.STS" SupplierCode="Error" PrimarySupplierCodeInd="true"/>
   <TranslationData TranslationType="STS" OTACode="32.STS" SupplierCode="ValidationFailed" PrimarySupplierCodeInd="true"/>
   <TranslationData TranslationType="STS" OTACode="32.STS" SupplierCode="Address" PrimarySupplierCodeInd="true"/>
   <TranslationData TranslationType="STS" OTACode="32.STS" SupplierCode="VerificationCode" PrimarySupplierCodeInd="true"/>
   <TranslationData TranslationType="STS" OTACode="32.STS" SupplierCode="Received" PrimarySupplierCodeInd="true"/>
   <TranslationData TranslationType="STS" OTACode="32.STS" SupplierCode="PendingCustomerAction" PrimarySupplierCodeInd="true"/>
   <TranslationData TranslationType="STS" OTACode="26.STS" SupplierCode="Approved" PrimarySupplierCodeInd="true"/>
   <TranslationData TranslationType="STS" OTACode="30.STS" SupplierCode="ok" PrimarySupplierCodeInd="true"/>
   <!--FFT Fare family translation-->
   <TranslationData TranslationType="FFT" OTACode="Regular Fare" SupplierCode="R" PrimarySupplierCodeInd="true"/>
   <TranslationData TranslationType="FFT" OTACode="Sale Fare" SupplierCode="S" PrimarySupplierCodeInd="true"/>
   <TranslationData TranslationType="FFT" OTACode="Family Fare" SupplierCode="A" PrimarySupplierCodeInd="true"/>
   <TranslationData TranslationType="FFT" OTACode="Return Fare" SupplierCode="N" PrimarySupplierCodeInd="true"/>
   <TranslationData TranslationType="FFT" OTACode="Corporate Fare" SupplierCode="F" PrimarySupplierCodeInd="true"/>
   <TranslationData TranslationType="FFT" OTACode="Flexi Fare" SupplierCode="J" PrimarySupplierCodeInd="true"/>
   <TranslationData TranslationType="FFT" OTACode="Lite Fare" SupplierCode="B" PrimarySupplierCodeInd="true"/>
   <!--Flight Cabin Class-->
   <TranslationData TranslationType="FCC" OTACode="Economy" SupplierCode="R" PrimarySupplierCodeInd="true"/>
   <TranslationData TranslationType="FCC" OTACode="Economy" SupplierCode="S" PrimarySupplierCodeInd="true"/>
   <TranslationData TranslationType="FCC" OTACode="Economy" SupplierCode="A" PrimarySupplierCodeInd="true"/>
   <TranslationData TranslationType="FCC" OTACode="Economy" SupplierCode="N" PrimarySupplierCodeInd="true"/>
   <TranslationData TranslationType="FCC" OTACode="Economy" SupplierCode="F" PrimarySupplierCodeInd="true"/>
   <TranslationData TranslationType="FCC" OTACode="Economy" SupplierCode="J" PrimarySupplierCodeInd="true"/>
   <TranslationData TranslationType="FCC" OTACode="Economy" SupplierCode="B" PrimarySupplierCodeInd="true"/>
   <TranslationData TranslationType="FCC" OTACode="Economy" SupplierCode="Y" PrimarySupplierCodeInd="true"/>
   <!--Language Codes-->
   <TranslationData TranslationType="LNG" OTACode="en-GB" SupplierCode="en-GB" PrimarySupplierCodeInd="true"/>
   <!--Name Prefix Translations-->
   <TranslationData TranslationType="SNP" OTACode="MR" SupplierCode="MR" PrimarySupplierCodeInd="true"/>
   <TranslationData TranslationType="SNP" OTACode="MS" SupplierCode="MS" PrimarySupplierCodeInd="true"/>
   <TranslationData TranslationType="SNP" OTACode="MRS" SupplierCode="MRS" PrimarySupplierCodeInd="true"/>
   <TranslationData TranslationType="SNP" OTACode="MISS" SupplierCode="MS" PrimarySupplierCodeInd="true"/>
   <TranslationData TranslationType="SNP" OTACode="MASTER" SupplierCode="MR" PrimarySupplierCodeInd="true"/>
   <!--Document Types-->
   <TranslationData TranslationType="DOC" OTACode="2.DOC" SupplierCode="P" PrimarySupplierCodeInd="true"/>
   <!--OTA Status Codes for SSRs-->
   <TranslationData TranslationType="SSR" OTACode="BGXS05" SupplierCode="XBPA" PrimarySupplierCodeInd="true"/>
   <TranslationData TranslationType="SSR" OTACode="BGXS10" SupplierCode="XBPB" PrimarySupplierCodeInd="true"/>
   <TranslationData TranslationType="SSR" OTACode="BGXS15" SupplierCode="XBPC" PrimarySupplierCodeInd="true"/>
   <TranslationData TranslationType="SSR" OTACode="BGXS30" SupplierCode="XBPD" PrimarySupplierCodeInd="true"/>
   <TranslationData TranslationType="SSR" OTACode="ML__FR" SupplierCode="CPML" PrimarySupplierCodeInd="true"/>
   <TranslationData TranslationType="SSR" OTACode="ML__VG" SupplierCode="VGML" PrimarySupplierCodeInd="true"/>
   <TranslationData TranslationType="SSR" OTACode="ML" SupplierCode="NVML" PrimarySupplierCodeInd="true"/>
   <TranslationData TranslationType="SSR" OTACode="SA__PR" SupplierCode="1" PrimarySupplierCodeInd="true"/>
   <TranslationData TranslationType="SSR" OTACode="SA__X0Z2" SupplierCode="2" PrimarySupplierCodeInd="true"/>
   <TranslationData TranslationType="SSR" OTACode="SA__X0Z3" SupplierCode="3" PrimarySupplierCodeInd="true"/>
   <TranslationData TranslationType="SSR" OTACode="SA__X0Z4" SupplierCode="4" PrimarySupplierCodeInd="true"/>
   <TranslationData TranslationType="SSR" OTACode="SA__X0Z5" SupplierCode="5" PrimarySupplierCodeInd="true"/>
   <TranslationData TranslationType="SSR" OTACode="TSPR" SupplierCode="FFWD" PrimarySupplierCodeInd="true"/>
   <TranslationData TranslationType="SSR" OTACode="LG" SupplierCode="LNGE" PrimarySupplierCodeInd="true"/>
   <TranslationData TranslationType="SSR" OTACode="BGIX08" SupplierCode="IXBA" PrimarySupplierCodeInd="true"/>
   <TranslationData TranslationType="SSR" OTACode="BGIX15" SupplierCode="IXBB" PrimarySupplierCodeInd="true"/>
   <TranslationData TranslationType="SSR" OTACode="BGIX30" SupplierCode="IXBC" PrimarySupplierCodeInd="true"/>
   <!--Option Codes-->
   <TranslationData TranslationType="OPT" OTACode="BGXS05" SupplierCode="BAGW:XBPA" PrimarySupplierCodeInd="true"/>
   <TranslationData TranslationType="OPT" OTACode="BGXS10" SupplierCode="BAGW:XBPB" PrimarySupplierCodeInd="true"/>
   <TranslationData TranslationType="OPT" OTACode="BGXS15" SupplierCode="BAGW:XBPC" PrimarySupplierCodeInd="true"/>
   <TranslationData TranslationType="OPT" OTACode="BGXS30" SupplierCode="BAGW:XBPD" PrimarySupplierCodeInd="true"/>
   <TranslationData TranslationType="OPT" OTACode="ML__FR" SupplierCode="MEAL:CPML" PrimarySupplierCodeInd="true"/>
   <TranslationData TranslationType="OPT" OTACode="ML__VG" SupplierCode="MEAL:VGML" PrimarySupplierCodeInd="true"/>
   <TranslationData TranslationType="OPT" OTACode="ML" SupplierCode="MEAL:NVML" PrimarySupplierCodeInd="true"/>
   <TranslationData TranslationType="OPT" OTACode="SA__PR" SupplierCode="SEAT:1" PrimarySupplierCodeInd="true"/>
   <TranslationData TranslationType="OPT" OTACode="SA__X0Z2" SupplierCode="SEAT:2" PrimarySupplierCodeInd="true"/>
   <TranslationData TranslationType="OPT" OTACode="SA__X0Z3" SupplierCode="SEAT:3" PrimarySupplierCodeInd="true"/>
   <TranslationData TranslationType="OPT" OTACode="SA__X0Z4" SupplierCode="SEAT:4" PrimarySupplierCodeInd="true"/>
   <TranslationData TranslationType="OPT" OTACode="SA__X0Z5" SupplierCode="SEAT:5" PrimarySupplierCodeInd="true"/>
   <TranslationData TranslationType="OPT" OTACode="TSPR" SupplierCode="SPEEDBRD" PrimarySupplierCodeInd="true"/>
   <TranslationData TranslationType="OPT" OTACode="LG" SupplierCode="LOUNGE" PrimarySupplierCodeInd="true"/>
   <TranslationData TranslationType="OPT" OTACode="RO3A" SupplierCode="FLEXI" PrimarySupplierCodeInd="true"/>
   <!--Seat Availability-->
   <TranslationData TranslationType="SAV" OTACode="24.SAV" SupplierCode="Blocked" PrimarySupplierCodeInd="true"/>
   <TranslationData TranslationType="SAV" OTACode="3.SAV" SupplierCode="Broken" PrimarySupplierCodeInd="true"/>
   <TranslationData TranslationType="SAV" OTACode="5.SAV" SupplierCode="CheckedIn" PrimarySupplierCodeInd="true"/>
   <TranslationData TranslationType="SAV" OTACode="24.SAV" SupplierCode="FleetBlocked" PrimarySupplierCodeInd="true"/>
   <TranslationData TranslationType="SAV" OTACode="24.SAV" SupplierCode="HeldForAnotherSession" PrimarySupplierCodeInd="true"/>
   <TranslationData TranslationType="SAV" OTACode="24.SAV" SupplierCode="HeldForThisSession" PrimarySupplierCodeInd="true"/>
   <TranslationData TranslationType="SAV" OTACode="3.SAV" SupplierCode="Missing" PrimarySupplierCodeInd="true"/>
   <TranslationData TranslationType="SAV" OTACode="3.SAV" SupplierCode="NotVisible" PrimarySupplierCodeInd="true"/>
   <TranslationData TranslationType="SAV" OTACode="1.SAV" SupplierCode="Open" PrimarySupplierCodeInd="true"/>
   <TranslationData TranslationType="SAV" OTACode="2.SAV" SupplierCode="Reserved" PrimarySupplierCodeInd="true"/>
   <TranslationData TranslationType="SAV" OTACode="2.SAV" SupplierCode="ReservedForPNR" PrimarySupplierCodeInd="true"/>
   <TranslationData TranslationType="SAV" OTACode="3.SAV" SupplierCode="Restricted" PrimarySupplierCodeInd="true"/>
   <TranslationData TranslationType="SAV" OTACode="3.SAV" SupplierCode="Unavail" PrimarySupplierCodeInd="true"/>
   <TranslationData TranslationType="SAV" OTACode="3.SAV" SupplierCode="Unknown" PrimarySupplierCodeInd="true"/>
   <TranslationData TranslationType="SAV" OTACode="3.SAV" SupplierCode="Unmapped" PrimarySupplierCodeInd="true"/>
   <!--Air Seat Type-->
   <TranslationData TranslationType="AST" OTACode="3.AST" SupplierCode="AISLE" PrimarySupplierCodeInd="true"/>
   <TranslationData TranslationType="AST" OTACode="8.AST" SupplierCode="BLOCKED" PrimarySupplierCodeInd="true"/>
   <TranslationData TranslationType="AST" OTACode="17.AST" SupplierCode="EXITROW" PrimarySupplierCodeInd="true"/>
   <TranslationData TranslationType="AST" OTACode="32.AST" SupplierCode="LEGROOM" PrimarySupplierCodeInd="true"/>
   <TranslationData TranslationType="AST" OTACode="58.AST" SupplierCode="WING" PrimarySupplierCodeInd="true"/>
   <TranslationData TranslationType="AST" OTACode="62.AST" SupplierCode="RESTRICT" PrimarySupplierCodeInd="true"/>
   <TranslationData TranslationType="AST" OTACode="63.AST" SupplierCode="RECLINE" PrimarySupplierCodeInd="true"/>
   <TranslationData TranslationType="AST" OTACode="73.AST" SupplierCode="NCHILD" PrimarySupplierCodeInd="true"/>
   <TranslationData TranslationType="AST" OTACode="85.AST" SupplierCode="WINDOW" PrimarySupplierCodeInd="true"/>
</Adapter>