<Adapter AdapterCode="NNS6E">
	<!-- Product Class translation -->
	<TranslationData OTACode="Regular Fare" SupplierCode="R" />
	<TranslationData OTACode="Sale Fare" SupplierCode="S" />
	<TranslationData OTACode="Family Fare" SupplierCode="A" />
	<TranslationData OTACode="Return Fare" SupplierCode="N" />
	<TranslationData OTACode="Corporate Fare" SupplierCode="F" />
	<TranslationData OTACode="Flexi fare" SupplierCode="J" />
	<TranslationData OTACode="Lite Fare" SupplierCode="B" />
	<TranslationData OTACode="Coupon Fare" SupplierCode="C" />
	<TranslationData OTACode="Promo fare" SupplierCode="T" />
	<TranslationData OTACode="SME fare" SupplierCode="M" />
</Adapter>