<Adapter AdapterCode="NNS6E">        
    <!-- Flight Cabin Class -->    
	<TranslationData OTACode="Economy" SupplierCode="X"/>
	<TranslationData OTACode="Economy" SupplierCode="Q"/>
	<TranslationData OTACode="Economy" SupplierCode="N"/>
    <TranslationData OTACode="Economy" SupplierCode="Y"/>
    <TranslationData OTACode="Economy" SupplierCode="S"/>
    <TranslationData OTACode="Economy" SupplierCode="L"/>
    <TranslationData OTACode="Economy" SupplierCode="V"/>
    <TranslationData OTACode="Economy" SupplierCode="T"/>
    <TranslationData OTACode="Economy" SupplierCode="M"/>
</Adapter>

