<Adapter AdapterCode="NNSAK">        
    <!-- Flight Cabin Class -->
    <TranslationData OTACode="Business" SupplierCode="P"/>
	<TranslationData OTACode="Economy" SupplierCode="E"/>
	<TranslationData OTACode="Economy" SupplierCode="H"/>
	<TranslationData OTACode="Economy" SupplierCode="F"/>
    <TranslationData OTACode="Economy" SupplierCode="Y"/>
    <TranslationData OTACode="Business" SupplierCode="C"/>
    <TranslationData OTACode="Economy" SupplierCode="S"/>
    <TranslationData OTACode="Economy" SupplierCode="X"/>
</Adapter>

