<Adapter AdapterCode="DALDL">        
    <!-- Flight Cabin Class -->
    <TranslationData OTACode="First" SupplierCode="1"/>
    <TranslationData OTACode="First" SupplierCode="F"/>
    <TranslationData OTACode="First" SupplierCode="A"/>
    <TranslationData OTACode="First" SupplierCode="G"/>
    <TranslationData OTACode="First" SupplierCode="V"/>
    <TranslationData OTACode="First" SupplierCode="P"/>
    <TranslationData OTACode="Business" SupplierCode="2"/>
    <TranslationData OTACode="Business" SupplierCode="C"/>
    <TranslationData OTACode="Business" SupplierCode="CN"/>
    <TranslationData OTACode="Business" SupplierCode="I"/>
    <TranslationData OTACode="Business" SupplierCode="Z"/>
    <TranslationData OTACode="Business" SupplierCode="S"/>
    <TranslationData OTACode="Business" SupplierCode="O"/>
    <TranslationData OTACode="Business" SupplierCode="J"/>
    <TranslationData OTACode="Business" SupplierCode="D"/>
    <TranslationData OTACode="Business" SupplierCode="X"/>
    <TranslationData OTACode="Economy" SupplierCode="3"/>
    <TranslationData OTACode="Economy" SupplierCode="Y"/>
    <TranslationData OTACode="Economy" SupplierCode="U"/>
    <TranslationData OTACode="Economy" SupplierCode="B"/>
    <TranslationData OTACode="Economy" SupplierCode="BN"/>
    <TranslationData OTACode="Economy" SupplierCode="M"/>
    <TranslationData OTACode="Economy" SupplierCode="Q"/>
    <TranslationData OTACode="Economy" SupplierCode="QN"/>
    <TranslationData OTACode="Economy" SupplierCode="H"/>
    <TranslationData OTACode="Economy" SupplierCode="K"/>
    <TranslationData OTACode="Economy" SupplierCode="L"/>
    <TranslationData OTACode="Economy" SupplierCode="T"/>
    <TranslationData OTACode="PremiumEconomy" SupplierCode="5"/>
    <TranslationData OTACode="PremiumEconomy" SupplierCode="W"/>
</Adapter>