<Adapter AdapterCode="NNSJX">
	<!-- OTA Status Codes -->
	<TranslationData TranslationType="STS" OTACode="32.STS" SupplierCode="Acknowledged" PrimarySupplierCodeInd="true"/>
	<TranslationData TranslationType="STS" OTACode="32.STS" SupplierCode="Pending" PrimarySupplierCodeInd="true"/>
	<TranslationData TranslationType="STS" OTACode="32.STS" SupplierCode="InProcess" PrimarySupplierCodeInd="true"/>
	<TranslationData TranslationType="STS" OTACode="32.STS" SupplierCode="Declined" PrimarySupplierCodeInd="true"/>
	<TranslationData TranslationType="STS" OTACode="32.STS" SupplierCode="Referral" PrimarySupplierCodeInd="true"/>
	<TranslationData TranslationType="STS" OTACode="32.STS" SupplierCode="PickUpCard" PrimarySupplierCodeInd="true"/>
	<TranslationData TranslationType="STS" OTACode="32.STS" SupplierCode="HotCard" PrimarySupplierCodeInd="true"/>
	<TranslationData TranslationType="STS" OTACode="32.STS" SupplierCode="Voided" PrimarySupplierCodeInd="true"/>
	<TranslationData TranslationType="STS" OTACode="32.STS" SupplierCode="Retrieval" PrimarySupplierCodeInd="true"/>
	<TranslationData TranslationType="STS" OTACode="32.STS" SupplierCode="ChargedBack" PrimarySupplierCodeInd="true"/>
	<TranslationData TranslationType="STS" OTACode="32.STS" SupplierCode="Error" PrimarySupplierCodeInd="true"/>
	<TranslationData TranslationType="STS" OTACode="32.STS" SupplierCode="ValidationFailed" PrimarySupplierCodeInd="true"/>
	<TranslationData TranslationType="STS" OTACode="32.STS" SupplierCode="Address" PrimarySupplierCodeInd="true"/>
	<TranslationData TranslationType="STS" OTACode="32.STS" SupplierCode="VerificationCode" PrimarySupplierCodeInd="true"/>
	<TranslationData TranslationType="STS" OTACode="32.STS" SupplierCode="Received" PrimarySupplierCodeInd="true"/>
	<TranslationData TranslationType="STS" OTACode="32.STS" SupplierCode="PendingCustomerAction" PrimarySupplierCodeInd="true"/>
	<TranslationData TranslationType="STS" OTACode="26.STS" SupplierCode="Approved" PrimarySupplierCodeInd="true"/>
	<TranslationData TranslationType="STS" OTACode="30.STS" SupplierCode="ok" PrimarySupplierCodeInd="true"/>
	<!-- OTA Status Codes For SSR-->
	<!--TranslationData TranslationType="SSR" OTACode="WCHR" SupplierCode="WCHR" PrimarySupplierCodeInd="true"/>
	<TranslationData TranslationType="SSR" OTACode="WCHS" SupplierCode="WCHS" PrimarySupplierCodeInd="true"/>
	<TranslationData TranslationType="SSR" OTACode="WCHC" SupplierCode="WCHC" PrimarySupplierCodeInd="true"/>
	<TranslationData TranslationType="SSR" OTACode="BLND" SupplierCode="BLND" PrimarySupplierCodeInd="true"/>
	<TranslationData TranslationType="SSR" OTACode="DEAF" SupplierCode="DEAF" PrimarySupplierCodeInd="true"/-->
	<TranslationData TranslationType="SSR" OTACode="SA" SupplierCode="7" PrimarySupplierCodeInd="true"/>
	<TranslationData TranslationType="SSR" OTACode="SA__PR" SupplierCode="10" PrimarySupplierCodeInd="true"/>
	<TranslationData TranslationType="SSR" OTACode="BGPP15" SupplierCode="BG15" PrimarySupplierCodeInd="true"/>
	<TranslationData TranslationType="SSR" OTACode="BGPP20" SupplierCode="BG20" PrimarySupplierCodeInd="true"/>
	<TranslationData TranslationType="SSR" OTACode="BGPP23" SupplierCode="BG23" PrimarySupplierCodeInd="true"/>
	<TranslationData TranslationType="SSR" OTACode="BGPP26" SupplierCode="BG26" PrimarySupplierCodeInd="true"/>
	<TranslationData TranslationType="SSR" OTACode="BGPP29" SupplierCode="BG29" PrimarySupplierCodeInd="true"/>
	<TranslationData TranslationType="SSR" OTACode="BGPP32" SupplierCode="BG32" PrimarySupplierCodeInd="true"/>
	<TranslationData TranslationType="SSR" OTACode="BGSPSF" SupplierCode="SURF" PrimarySupplierCodeInd="true"/>
	<TranslationData TranslationType="SSR" OTACode="BGSPGF" SupplierCode="GOLF" PrimarySupplierCodeInd="true"/>
	<TranslationData TranslationType="SSR" OTACode="BGSPFI" SupplierCode="FISH" PrimarySupplierCodeInd="true"/>
	<TranslationData TranslationType="SSR" OTACode="BGSPLG" SupplierCode="FBIG" PrimarySupplierCodeInd="true"/>
	<TranslationData TranslationType="SSR" OTACode="BGSPSE" SupplierCode="DIVE" PrimarySupplierCodeInd="true"/>
	<!-- Option Codes -->
	<!--  Option code translation  for seat-->
	<TranslationData TranslationType="OPT" OTACode="SA" SupplierCode="SEAT:7" PrimarySupplierCodeInd="true"/>
	<TranslationData TranslationType="OPT" OTACode="SA__PR" SupplierCode="SEAT:10" PrimarySupplierCodeInd="true"/>
	<TranslationData TranslationType="OPT" OTACode="BGPP15" SupplierCode="BAGW:BG15" PrimarySupplierCodeInd="true"/>
	<TranslationData TranslationType="OPT" OTACode="BGPP20" SupplierCode="BAGW:BG20" PrimarySupplierCodeInd="true"/>
	<TranslationData TranslationType="OPT" OTACode="BGPP23" SupplierCode="BAGW:BG23" PrimarySupplierCodeInd="true"/>
	<TranslationData TranslationType="OPT" OTACode="BGPP26" SupplierCode="BAGW:BG26" PrimarySupplierCodeInd="true"/>
	<TranslationData TranslationType="OPT" OTACode="BGPP29" SupplierCode="BAGW:BG29" PrimarySupplierCodeInd="true"/>
	<TranslationData TranslationType="OPT" OTACode="BGPP32" SupplierCode="BAGW:BG32" PrimarySupplierCodeInd="true"/>
	<TranslationData TranslationType="OPT" OTACode="BGSPSF" SupplierCode="SPEQ:SURF" PrimarySupplierCodeInd="true"/>
	<TranslationData TranslationType="OPT" OTACode="BGSPGF" SupplierCode="SPEQ:GOLF" PrimarySupplierCodeInd="true"/>
	<TranslationData TranslationType="OPT" OTACode="BGSPFI" SupplierCode="SPEQ:FISH" PrimarySupplierCodeInd="true"/>
	<TranslationData TranslationType="OPT" OTACode="BGSPLG" SupplierCode="SPEQ:FBIG" PrimarySupplierCodeInd="true"/>
	<TranslationData TranslationType="OPT" OTACode="BGSPSE" SupplierCode="SPEQ:DIVE" PrimarySupplierCodeInd="true"/>

	<!-- Seat Availability -->
	<TranslationData TranslationType="SAV" OTACode="1.SAV" SupplierCode="Open" PrimarySupplierCodeInd="true"/>
	<TranslationData TranslationType="SAV" OTACode="2.SAV" SupplierCode="Reserved" PrimarySupplierCodeInd="true"/>
	<TranslationData TranslationType="SAV" OTACode="3.SAV" SupplierCode="Unavail" PrimarySupplierCodeInd="true"/>
	<TranslationData TranslationType="SAV" OTACode="3.SAV" SupplierCode="Unknown" PrimarySupplierCodeInd="true"/>
	<TranslationData TranslationType="SAV" OTACode="3.SAV" SupplierCode="Restricted" PrimarySupplierCodeInd="true"/>
	<TranslationData TranslationType="SAV" OTACode="5.SAV" SupplierCode="CheckedIn" PrimarySupplierCodeInd="true"/>
	<TranslationData TranslationType="SAV" OTACode="24.SAV" SupplierCode="HeldForThisSession" PrimarySupplierCodeInd="true"/>
	<TranslationData TranslationType="SAV" OTACode="24.SAV" SupplierCode="HeldForAnotherSession" PrimarySupplierCodeInd="true"/>
	<TranslationData TranslationType="SAV" OTACode="24.SAV" SupplierCode="Blocked" PrimarySupplierCodeInd="true"/>
	<TranslationData TranslationType="SAV" OTACode="2.SAV" SupplierCode="ReservedForPNR" PrimarySupplierCodeInd="true"/>
	<TranslationData TranslationType="SAV" OTACode="3.SAV" SupplierCode="Missing" PrimarySupplierCodeInd="true"/>
	<TranslationData TranslationType="SAV" OTACode="3.SAV" SupplierCode="NotVisible" PrimarySupplierCodeInd="true"/>
	<TranslationData TranslationType="SAV" OTACode="3.SAV" SupplierCode="Broken" PrimarySupplierCodeInd="true"/>
	<TranslationData TranslationType="SAV" OTACode="3.SAV" SupplierCode="Unmapped" PrimarySupplierCodeInd="true"/>
	<TranslationData TranslationType="SAV" OTACode="24.SAV" SupplierCode="FleetBlocked" PrimarySupplierCodeInd="true"/>
	<!-- Air Seat Type -->
	<TranslationData TranslationType="AST" OTACode="3.AST" SupplierCode="AISLE" PrimarySupplierCodeInd="true"/>
	<TranslationData TranslationType="AST" OTACode="79.AST" SupplierCode="BASSINET" PrimarySupplierCodeInd="true"/>
	<TranslationData TranslationType="AST" OTACode="10.AST" SupplierCode="BULKHEAD" PrimarySupplierCodeInd="true"/>
	<TranslationData TranslationType="AST" OTACode="9.AST" SupplierCode="BUFFER" PrimarySupplierCodeInd="true"/>
	<TranslationData TranslationType="AST" OTACode="39.AST" SupplierCode="CLOSET" PrimarySupplierCodeInd="true"/>
	<TranslationData TranslationType="AST" OTACode="80.AST" SupplierCode="DISABIL" PrimarySupplierCodeInd="true"/>
	<TranslationData TranslationType="AST" OTACode="16.AST" SupplierCode="ELECTCNX" PrimarySupplierCodeInd="true"/>
	<TranslationData TranslationType="AST" OTACode="17.AST" SupplierCode="EXITROW" PrimarySupplierCodeInd="true"/>
	<TranslationData TranslationType="AST" OTACode="41.AST" SupplierCode="GALLEY" PrimarySupplierCodeInd="true"/>
	<TranslationData TranslationType="AST" OTACode="75.AST" SupplierCode="INFANT" PrimarySupplierCodeInd="true"/>
	<TranslationData TranslationType="AST" OTACode="42.AST" SupplierCode="LAVATORY" PrimarySupplierCodeInd="true"/>
	<TranslationData TranslationType="AST" OTACode="32.AST" SupplierCode="LEGROOM" PrimarySupplierCodeInd="true"/>
	<TranslationData TranslationType="AST" OTACode="73.AST" SupplierCode="NCHILD" PrimarySupplierCodeInd="true"/>
	<TranslationData TranslationType="AST" OTACode="49.AST" SupplierCode="NSMOKING" PrimarySupplierCodeInd="true"/>
	<TranslationData TranslationType="AST" OTACode="87.AST" SupplierCode="NWINDOW" PrimarySupplierCodeInd="true"/>
	<TranslationData TranslationType="AST" OTACode="59.AST" SupplierCode="PET" PrimarySupplierCodeInd="true"/>
	<TranslationData TranslationType="AST" OTACode="60.AST" SupplierCode="PREFER" PrimarySupplierCodeInd="true"/>
	<TranslationData TranslationType="AST" OTACode="72.AST" SupplierCode="QUIET" PrimarySupplierCodeInd="true"/>
	<TranslationData TranslationType="AST" OTACode="63.AST" SupplierCode="RECLINE" PrimarySupplierCodeInd="true"/>
	<TranslationData TranslationType="AST" OTACode="62.AST" SupplierCode="RESTRICT" PrimarySupplierCodeInd="true"/>
	<TranslationData TranslationType="AST" OTACode="83.AST" SupplierCode="SMOKING" PrimarySupplierCodeInd="true"/>
	<TranslationData TranslationType="AST" OTACode="85.AST" SupplierCode="WINDOW" PrimarySupplierCodeInd="true"/>
	<TranslationData TranslationType="AST" OTACode="58.AST" SupplierCode="WING" PrimarySupplierCodeInd="true"/>
	<!-- Fee Code Translations -->
	<!-- Credit card fees - Map all CC codes as well as payment and card types as not all are madatory in the request -->
	<TranslationData TranslationType="FEE" OTACode="MC" SupplierCode="CCC" PrimarySupplierCodeInd="true"/>
	<TranslationData TranslationType="FEE" OTACode="VI" SupplierCode="CCC" PrimarySupplierCodeInd="true"/>
	<TranslationData TranslationType="FEE" OTACode="5.PMT" SupplierCode="CCC" PrimarySupplierCodeInd="true"/>
	<TranslationData TranslationType="FEE" OTACode="6.PMT" SupplierCode="CCC" PrimarySupplierCodeInd="true"/>
	<TranslationData TranslationType="FEE" OTACode="1.CDT" SupplierCode="CCC" PrimarySupplierCodeInd="true"/>
	<TranslationData TranslationType="FEE" OTACode="2.CDT" SupplierCode="CCC" PrimarySupplierCodeInd="true"/>
	<!-- Document Type Codes -->
	<TranslationData TranslationType="DOC" OTACode="2.DOC" SupplierCode="P" PrimarySupplierCodeInd="true"/>
	<TranslationData TranslationType="DOC" OTACode="5.DOC" SupplierCode="ID" PrimarySupplierCodeInd="true"/>
	<!-- Name Prefix Translations -->
	<!-- <TranslationData TranslationType="SNP" OTACode="Dr" SupplierCode="Doctor" PrimarySupplierCodeInd="true"/>-->
	<TranslationData TranslationType="SNP" OTACode="Master" SupplierCode="Mstr" PrimarySupplierCodeInd="true"/> 
</Adapter>
