<!--  Country Codes -->
<Country>
<Code id="GB" Key="1"/>
<Code id="EG" Key="3"/>
<Code id="ES" Key="4"/>
<Code id="NL" Key="5"/>
<Code id="HU" Key="7"/>
<Code id="FR" Key="8"/>
<Code id="IT" Key="10"/>
<Code id="GR" Key="12"/>
<Code id="CY" Key="13"/>
<Code id="PT" Key="14"/>
<Code id="CZ" Key="17"/>
<Code id="NO" Key="18"/>
<Code id="AD" Key="19"/>
<Code id="AF" Key="20"/>
<Code id="AL" Key="21"/>
<Code id="AS" Key="22"/>
<Code id="BH" Key="23"/>
<Code id="BV" Key="24"/>
<Code id="LI" Key="25"/>
<Code id="LT" Key="26"/>
<Code id="NO" Key="27"/>
<Code id="US" Key="28"/>
<Code id="DZ" Key="29"/>
<Code id="AO" Key="30"/>
<Code id="AI" Key="31"/>
<Code id="AG" Key="32"/>
<Code id="AR" Key="33"/>
<Code id="AM" Key="34"/>
<Code id="AW" Key="35"/>
<Code id="AT" Key="36"/>
<Code id="AZ" Key="37"/>
<Code id="BS" Key="38"/>
<Code id="BD" Key="39"/>
<Code id="BB" Key="40"/>
<Code id="BY" Key="41"/>
<Code id="BE" Key="42"/>
<Code id="BZ" Key="43"/>
<Code id="BJ" Key="44"/>
<Code id="BM" Key="45"/>
<Code id="BT" Key="46"/>
<Code id="BO" Key="47"/>
<Code id="BA" Key="48"/>
<Code id="BW" Key="49"/>
<Code id="BR" Key="50"/>
<Code id="VG" Key="51"/>
<Code id="IO" Key="52"/>
<Code id="BN" Key="53"/>
<Code id="BG" Key="54"/>
<Code id="BF" Key="55"/>
<Code id="BI" Key="56"/>
<Code id="KH" Key="57"/>
<Code id="CM" Key="58"/>
<Code id="CA" Key="59"/>
<Code id="CV" Key="60"/>
<Code id="KY" Key="61"/>
<Code id="CF" Key="62"/>
<Code id="TD" Key="63"/>
<Code id="NN" Key="64"/>
<Code id="CL" Key="65"/>
<Code id="CN" Key="66"/>
<Code id="CX" Key="67"/>
<Code id="CO" Key="68"/>
<Code id="KM" Key="69"/>
<Code id="CD" Key="70"/>
<Code id="CG" Key="71"/>
<Code id="CK" Key="72"/>
<Code id="CR" Key="73"/>
<Code id="HR" Key="74"/>
<Code id="CU" Key="75"/>
<Code id="DK" Key="76"/>
<Code id="DJ" Key="77"/>
<Code id="DM" Key="78"/>
<Code id="DO" Key="79"/>
<Code id="EC" Key="80"/>
<Code id="SV" Key="81"/>
<Code id="GQ" Key="82"/>
<Code id="ER" Key="83"/>
<Code id="EE" Key="84"/>
<Code id="ET" Key="85"/>
<Code id="FO" Key="86"/>
<Code id="FK" Key="87"/>
<Code id="FJ" Key="88"/>
<Code id="FI" Key="89"/>
<Code id="GF" Key="90"/>
<Code id="PF" Key="91"/>
<Code id="GA" Key="92"/>
<Code id="GE" Key="93"/>
<Code id="DE" Key="94"/>
<Code id="GH" Key="95"/>
<Code id="GI" Key="96"/>
<Code id="GL" Key="97"/>
<Code id="GD" Key="98"/>
<Code id="GP" Key="99"/>
<Code id="GT" Key="100"/>
<Code id="GN" Key="101"/>
<Code id="GW" Key="102"/>
<Code id="GY" Key="103"/>
<Code id="HT" Key="104"/>
<Code id="HM" Key="105"/>
<Code id="HN" Key="106"/>
<Code id="HK" Key="107"/>
<Code id="IS" Key="108"/>
<Code id="ID" Key="109"/>
<Code id="IN" Key="110"/>
<Code id="IQ" Key="111"/>
<Code id="IE" Key="112"/>
<Code id="IL" Key="113"/>
<Code id="CI" Key="114"/>
<Code id="JM" Key="115"/>
<Code id="JP" Key="116"/>
<Code id="JO" Key="117"/>
<Code id="KZ" Key="118"/>
<Code id="KE" Key="119"/>
<Code id="KI" Key="120"/>
<Code id="KW" Key="121"/>
<Code id="KG" Key="122"/>
<Code id="LA" Key="123"/>
<Code id="LV" Key="124"/>
<Code id="LB" Key="125"/>
<Code id="LS" Key="126"/>
<Code id="LR" Key="127"/>
<Code id="LY" Key="128"/>
<Code id="LU" Key="129"/>
<Code id="MO" Key="130"/>
<Code id="MK" Key="131"/>
<Code id="MG" Key="132"/>
<Code id="MW" Key="133"/>
<Code id="MY" Key="134"/>
<Code id="MV" Key="135"/>
<Code id="ML" Key="136"/>
<Code id="MT" Key="137"/>
<Code id="MH" Key="138"/>
<Code id="MQ" Key="139"/>
<Code id="MR" Key="140"/>
<Code id="MU" Key="141"/>
<Code id="YT" Key="142"/>
<Code id="MX" Key="143"/>
<Code id="FM" Key="144"/>
<Code id="MD" Key="145"/>
<Code id="MC" Key="146"/>
<Code id="MN" Key="147"/>
<Code id="MS" Key="148"/>
<Code id="MA" Key="149"/>
<Code id="MZ" Key="150"/>
<Code id="NA" Key="151"/>
<Code id="NR" Key="152"/>
<Code id="NP" Key="153"/>
<Code id="AN" Key="154"/>
<Code id="NC" Key="155"/>
<Code id="NZ" Key="156"/>
<Code id="NI" Key="157"/>
<Code id="NE" Key="158"/>
<Code id="NG" Key="159"/>
<Code id="NU" Key="160"/>
<Code id="NF" Key="161"/>
<Code id="KP" Key="162"/>
<Code id="MP" Key="163"/>
<Code id="OM" Key="164"/>
<Code id="PK" Key="165"/>
<Code id="PW" Key="166"/>
<Code id="PA" Key="167"/>
<Code id="PG" Key="168"/>
<Code id="PY" Key="169"/>
<Code id="PE" Key="170"/>
<Code id="PH" Key="171"/>
<Code id="PN" Key="172"/>
<Code id="PL" Key="173"/>
<Code id="QA" Key="174"/>
<Code id="RE" Key="175"/>
<Code id="RO" Key="176"/>
<Code id="RU" Key="177"/>
<Code id="RW" Key="178"/>
<Code id="SM" Key="179"/>
<Code id="ST" Key="180"/>
<Code id="SA" Key="181"/>
<Code id="SN" Key="182"/>
<Code id="CS" Key="183"/>
<Code id="SL" Key="184"/>
<Code id="SG" Key="185"/>
<Code id="SK" Key="186"/>
<Code id="SI" Key="187"/>
<Code id="SB" Key="188"/>
<Code id="SO" Key="189"/>
<Code id="ZA" Key="190"/>
<Code id="KR" Key="191"/>
<Code id="LK" Key="192"/>
<Code id="SH" Key="193"/>
<Code id="KN" Key="194"/>
<Code id="LC" Key="195"/>
<Code id="PM" Key="196"/>
<Code id="VC" Key="197"/>
<Code id="GS" Key="198"/>
<Code id="SD" Key="199"/>
<Code id="SR" Key="200"/>
<Code id="SJ" Key="201"/>
<Code id="SZ" Key="202"/>
<Code id="SE" Key="203"/>
<Code id="CH" Key="204"/>
<Code id="SY" Key="205"/>
<Code id="TW" Key="206"/>
<Code id="TJ" Key="207"/>
<Code id="TZ" Key="208"/>
<Code id="TH" Key="209"/>
<Code id="TG" Key="210"/>
<Code id="TK" Key="211"/>
<Code id="TO" Key="212"/>
<Code id="TT" Key="213"/>
<Code id="TN" Key="214"/>
<Code id="TR" Key="215"/>
<Code id="TM" Key="216"/>
<Code id="TC" Key="217"/>
<Code id="TV" Key="218"/>
<Code id="UG" Key="219"/>
<Code id="AE" Key="220"/>
<Code id="UY" Key="221"/>
<Code id="UZ" Key="222"/>
<Code id="VU" Key="223"/>
<Code id="VA" Key="224"/>
<Code id="VE" Key="225"/>
<Code id="VN" Key="226"/>
<Code id="WF" Key="227"/>
<Code id="EH" Key="228"/>
<Code id="WS" Key="229"/>
<Code id="YE" Key="230"/>
<Code id="ZM" Key="231"/>
<Code id="ZW" Key="232"/>
<Code id="AU" Key="233"/>
<Code id="UA" Key="234"/>
<Code id="GM" Key="235"/>
</Country>