<Adapter AdapterCode="JETLS">  
		<!-- Flight Cabin Class -->
		<TranslationData TranslationType="FCC" OTACode="Economy" SupplierCode="Y" PrimarySupplierCodeInd="true"/>
		<!-- Fare Family Type -->
		<TranslationData TranslationType="FFT" OTACode="Economy" SupplierCode="Y" PrimarySupplierCodeInd="true"/>
		<!-- PassengerTypeCode -->
		<TranslationData TranslationType="PTC" OTACode="ADT" SupplierCode="Adult" PrimarySupplierCodeInd="true"/>
		<TranslationData TranslationType="PTC" OTACode="CHD" SupplierCode="Child" PrimarySupplierCodeInd="true"/>
		<TranslationData TranslationType="PTC" OTACode="INF" SupplierCode="Infant" PrimarySupplierCodeInd="true"/>
		<!-- Std Name Prefix Code -->
		<TranslationData TranslationType="SNP" OTACode="MR" SupplierCode="Mr" PrimarySupplierCodeInd="true"/>
		<TranslationData TranslationType="SNP" OTACode="MRS" SupplierCode="Mrs" PrimarySupplierCodeInd="true"/>
		<TranslationData TranslationType="SNP" OTACode="MS" SupplierCode="Ms" PrimarySupplierCodeInd="true"/>
		<TranslationData TranslationType="SNP" OTACode="MISS" SupplierCode="Miss" PrimarySupplierCodeInd="true"/>
		<TranslationData TranslationType="SNP" OTACode="MASTER" SupplierCode="Master" PrimarySupplierCodeInd="true"/>
		<!-- Available services code -->
		<TranslationData TranslationType="ASC" OTACode="BGPP22" SupplierCode="1" PrimarySupplierCodeInd="true"/>
		<TranslationData TranslationType="ASC" OTACode="TSCIOL" SupplierCode="Online" PrimarySupplierCodeInd="true"/>
		<TranslationData TranslationType="ASC" OTACode="TSCIAT" SupplierCode="Airport" PrimarySupplierCodeInd="true"/>
		<!-- Traveler Document Codes -->
		<TranslationData TranslationType="DOC" OTACode="2.DOC" SupplierCode="0" PrimarySupplierCodeInd="true"/>
		<TranslationData TranslationType="DOC" OTACode="3.DOC" SupplierCode="5" PrimarySupplierCodeInd="true"/>
		<TranslationData TranslationType="DOC" OTACode="20.DOC" SupplierCode="7" PrimarySupplierCodeInd="true"/>
		<TranslationData TranslationType="DOC" OTACode="21.DOC" SupplierCode="8" PrimarySupplierCodeInd="true"/>
		<!--  Country Codes -->
		<TranslationData TranslationType="CNC" OTACode="GB" SupplierCode="1" PrimarySupplierCodeInd="true"/>
		<TranslationData TranslationType="CNC" OTACode="EG" SupplierCode="3" PrimarySupplierCodeInd="true"/>
		<TranslationData TranslationType="CNC" OTACode="ES" SupplierCode="4" PrimarySupplierCodeInd="true"/>
		<TranslationData TranslationType="CNC" OTACode="NL" SupplierCode="5" PrimarySupplierCodeInd="true"/>
		<TranslationData TranslationType="CNC" OTACode="HU" SupplierCode="7" PrimarySupplierCodeInd="true"/>
		<TranslationData TranslationType="CNC" OTACode="FR" SupplierCode="8" PrimarySupplierCodeInd="true"/>
		<TranslationData TranslationType="CNC" OTACode="IT" SupplierCode="10" PrimarySupplierCodeInd="true"/>
		<TranslationData TranslationType="CNC" OTACode="GR" SupplierCode="12" PrimarySupplierCodeInd="true"/>
		<TranslationData TranslationType="CNC" OTACode="CY" SupplierCode="13" PrimarySupplierCodeInd="true"/>
		<TranslationData TranslationType="CNC" OTACode="PT" SupplierCode="14" PrimarySupplierCodeInd="true"/>
		<TranslationData TranslationType="CNC" OTACode="CZ" SupplierCode="17" PrimarySupplierCodeInd="true"/>
		<TranslationData TranslationType="CNC" OTACode="NO" SupplierCode="18" PrimarySupplierCodeInd="true"/>
		<TranslationData TranslationType="CNC" OTACode="AD" SupplierCode="19" PrimarySupplierCodeInd="true"/>
		<TranslationData TranslationType="CNC" OTACode="AF" SupplierCode="20" PrimarySupplierCodeInd="true"/>
		<TranslationData TranslationType="CNC" OTACode="AL" SupplierCode="21" PrimarySupplierCodeInd="true"/>
		<TranslationData TranslationType="CNC" OTACode="AS" SupplierCode="22" PrimarySupplierCodeInd="true"/>
		<TranslationData TranslationType="CNC" OTACode="BH" SupplierCode="23" PrimarySupplierCodeInd="true"/>
		<TranslationData TranslationType="CNC" OTACode="BV" SupplierCode="24" PrimarySupplierCodeInd="true"/>
		<TranslationData TranslationType="CNC" OTACode="LI" SupplierCode="25" PrimarySupplierCodeInd="true"/>
		<TranslationData TranslationType="CNC" OTACode="LT" SupplierCode="26" PrimarySupplierCodeInd="true"/>
		<TranslationData TranslationType="CNC" OTACode="NO" SupplierCode="27" PrimarySupplierCodeInd="true"/>
		<TranslationData TranslationType="CNC" OTACode="US" SupplierCode="28" PrimarySupplierCodeInd="true"/>
		<TranslationData TranslationType="CNC" OTACode="DZ" SupplierCode="29" PrimarySupplierCodeInd="true"/>
		<TranslationData TranslationType="CNC" OTACode="AO" SupplierCode="30" PrimarySupplierCodeInd="true"/>
		<TranslationData TranslationType="CNC" OTACode="AI" SupplierCode="31" PrimarySupplierCodeInd="true"/>
		<TranslationData TranslationType="CNC" OTACode="AG" SupplierCode="32" PrimarySupplierCodeInd="true"/>
		<TranslationData TranslationType="CNC" OTACode="AR" SupplierCode="33" PrimarySupplierCodeInd="true"/>
		<TranslationData TranslationType="CNC" OTACode="AM" SupplierCode="34" PrimarySupplierCodeInd="true"/>
		<TranslationData TranslationType="CNC" OTACode="AW" SupplierCode="35" PrimarySupplierCodeInd="true"/>
		<TranslationData TranslationType="CNC" OTACode="AT" SupplierCode="36" PrimarySupplierCodeInd="true"/>
		<TranslationData TranslationType="CNC" OTACode="AZ" SupplierCode="37" PrimarySupplierCodeInd="true"/>
		<TranslationData TranslationType="CNC" OTACode="BS" SupplierCode="38" PrimarySupplierCodeInd="true"/>
		<TranslationData TranslationType="CNC" OTACode="BD" SupplierCode="39" PrimarySupplierCodeInd="true"/>
		<TranslationData TranslationType="CNC" OTACode="BB" SupplierCode="40" PrimarySupplierCodeInd="true"/>
		<TranslationData TranslationType="CNC" OTACode="BY" SupplierCode="41" PrimarySupplierCodeInd="true"/>
		<TranslationData TranslationType="CNC" OTACode="BE" SupplierCode="42" PrimarySupplierCodeInd="true"/>
		<TranslationData TranslationType="CNC" OTACode="BZ" SupplierCode="43" PrimarySupplierCodeInd="true"/>
		<TranslationData TranslationType="CNC" OTACode="BJ" SupplierCode="44" PrimarySupplierCodeInd="true"/>
		<TranslationData TranslationType="CNC" OTACode="BM" SupplierCode="45" PrimarySupplierCodeInd="true"/>
		<TranslationData TranslationType="CNC" OTACode="BT" SupplierCode="46" PrimarySupplierCodeInd="true"/>
		<TranslationData TranslationType="CNC" OTACode="BO" SupplierCode="47" PrimarySupplierCodeInd="true"/>
		<TranslationData TranslationType="CNC" OTACode="BA" SupplierCode="48" PrimarySupplierCodeInd="true"/>
		<TranslationData TranslationType="CNC" OTACode="BW" SupplierCode="49" PrimarySupplierCodeInd="true"/>
		<TranslationData TranslationType="CNC" OTACode="BR" SupplierCode="50" PrimarySupplierCodeInd="true"/>
		<TranslationData TranslationType="CNC" OTACode="VG" SupplierCode="51" PrimarySupplierCodeInd="true"/>
		<TranslationData TranslationType="CNC" OTACode="IO" SupplierCode="52" PrimarySupplierCodeInd="true"/>
		<TranslationData TranslationType="CNC" OTACode="BN" SupplierCode="53" PrimarySupplierCodeInd="true"/>
		<TranslationData TranslationType="CNC" OTACode="BG" SupplierCode="54" PrimarySupplierCodeInd="true"/>
		<TranslationData TranslationType="CNC" OTACode="BF" SupplierCode="55" PrimarySupplierCodeInd="true"/>
		<TranslationData TranslationType="CNC" OTACode="BI" SupplierCode="56" PrimarySupplierCodeInd="true"/>
		<TranslationData TranslationType="CNC" OTACode="KH" SupplierCode="57" PrimarySupplierCodeInd="true"/>
		<TranslationData TranslationType="CNC" OTACode="CM" SupplierCode="58" PrimarySupplierCodeInd="true"/>
		<TranslationData TranslationType="CNC" OTACode="CA" SupplierCode="59" PrimarySupplierCodeInd="true"/>
		<TranslationData TranslationType="CNC" OTACode="CV" SupplierCode="60" PrimarySupplierCodeInd="true"/>
		<TranslationData TranslationType="CNC" OTACode="KY" SupplierCode="61" PrimarySupplierCodeInd="true"/>
		<TranslationData TranslationType="CNC" OTACode="CF" SupplierCode="62" PrimarySupplierCodeInd="true"/>
		<TranslationData TranslationType="CNC" OTACode="TD" SupplierCode="63" PrimarySupplierCodeInd="true"/>
		<TranslationData TranslationType="CNC" OTACode="NN" SupplierCode="64" PrimarySupplierCodeInd="true"/>
		<TranslationData TranslationType="CNC" OTACode="CL" SupplierCode="65" PrimarySupplierCodeInd="true"/>
		<TranslationData TranslationType="CNC" OTACode="CN" SupplierCode="66" PrimarySupplierCodeInd="true"/>
		<TranslationData TranslationType="CNC" OTACode="CX" SupplierCode="67" PrimarySupplierCodeInd="true"/>
		<TranslationData TranslationType="CNC" OTACode="CO" SupplierCode="68" PrimarySupplierCodeInd="true"/>
		<TranslationData TranslationType="CNC" OTACode="KM" SupplierCode="69" PrimarySupplierCodeInd="true"/>
		<TranslationData TranslationType="CNC" OTACode="CD" SupplierCode="70" PrimarySupplierCodeInd="true"/>
		<TranslationData TranslationType="CNC" OTACode="CG" SupplierCode="71" PrimarySupplierCodeInd="true"/>
		<TranslationData TranslationType="CNC" OTACode="CK" SupplierCode="72" PrimarySupplierCodeInd="true"/>
		<TranslationData TranslationType="CNC" OTACode="CR" SupplierCode="73" PrimarySupplierCodeInd="true"/>
		<TranslationData TranslationType="CNC" OTACode="HR" SupplierCode="74" PrimarySupplierCodeInd="true"/>
		<TranslationData TranslationType="CNC" OTACode="CU" SupplierCode="75" PrimarySupplierCodeInd="true"/>
		<TranslationData TranslationType="CNC" OTACode="DK" SupplierCode="76" PrimarySupplierCodeInd="true"/>
		<TranslationData TranslationType="CNC" OTACode="DJ" SupplierCode="77" PrimarySupplierCodeInd="true"/>
		<TranslationData TranslationType="CNC" OTACode="DM" SupplierCode="78" PrimarySupplierCodeInd="true"/>
		<TranslationData TranslationType="CNC" OTACode="DO" SupplierCode="79" PrimarySupplierCodeInd="true"/>
		<TranslationData TranslationType="CNC" OTACode="EC" SupplierCode="80" PrimarySupplierCodeInd="true"/>
		<TranslationData TranslationType="CNC" OTACode="SV" SupplierCode="81" PrimarySupplierCodeInd="true"/>
		<TranslationData TranslationType="CNC" OTACode="GQ" SupplierCode="82" PrimarySupplierCodeInd="true"/>
		<TranslationData TranslationType="CNC" OTACode="ER" SupplierCode="83" PrimarySupplierCodeInd="true"/>
		<TranslationData TranslationType="CNC" OTACode="EE" SupplierCode="84" PrimarySupplierCodeInd="true"/>
		<TranslationData TranslationType="CNC" OTACode="ET" SupplierCode="85" PrimarySupplierCodeInd="true"/>
		<TranslationData TranslationType="CNC" OTACode="FO" SupplierCode="86" PrimarySupplierCodeInd="true"/>
		<TranslationData TranslationType="CNC" OTACode="FK" SupplierCode="87" PrimarySupplierCodeInd="true"/>
		<TranslationData TranslationType="CNC" OTACode="FJ" SupplierCode="88" PrimarySupplierCodeInd="true"/>
		<TranslationData TranslationType="CNC" OTACode="FI" SupplierCode="89" PrimarySupplierCodeInd="true"/>
		<TranslationData TranslationType="CNC" OTACode="GF" SupplierCode="90" PrimarySupplierCodeInd="true"/>
		<TranslationData TranslationType="CNC" OTACode="PF" SupplierCode="91" PrimarySupplierCodeInd="true"/>
		<TranslationData TranslationType="CNC" OTACode="GA" SupplierCode="92" PrimarySupplierCodeInd="true"/>
		<TranslationData TranslationType="CNC" OTACode="GE" SupplierCode="93" PrimarySupplierCodeInd="true"/>
		<TranslationData TranslationType="CNC" OTACode="DE" SupplierCode="94" PrimarySupplierCodeInd="true"/>
		<TranslationData TranslationType="CNC" OTACode="GH" SupplierCode="95" PrimarySupplierCodeInd="true"/>
		<TranslationData TranslationType="CNC" OTACode="GI" SupplierCode="96" PrimarySupplierCodeInd="true"/>
		<TranslationData TranslationType="CNC" OTACode="GL" SupplierCode="97" PrimarySupplierCodeInd="true"/>
		<TranslationData TranslationType="CNC" OTACode="GD" SupplierCode="98" PrimarySupplierCodeInd="true"/>
		<TranslationData TranslationType="CNC" OTACode="GP" SupplierCode="99" PrimarySupplierCodeInd="true"/>
		<TranslationData TranslationType="CNC" OTACode="GT" SupplierCode="100" PrimarySupplierCodeInd="true"/>
		<TranslationData TranslationType="CNC" OTACode="GN" SupplierCode="101" PrimarySupplierCodeInd="true"/>
		<TranslationData TranslationType="CNC" OTACode="GW" SupplierCode="102" PrimarySupplierCodeInd="true"/>
		<TranslationData TranslationType="CNC" OTACode="GY" SupplierCode="103" PrimarySupplierCodeInd="true"/>
		<TranslationData TranslationType="CNC" OTACode="HT" SupplierCode="104" PrimarySupplierCodeInd="true"/>
		<TranslationData TranslationType="CNC" OTACode="HM" SupplierCode="105" PrimarySupplierCodeInd="true"/>
		<TranslationData TranslationType="CNC" OTACode="HN" SupplierCode="106" PrimarySupplierCodeInd="true"/>
		<TranslationData TranslationType="CNC" OTACode="HK" SupplierCode="107" PrimarySupplierCodeInd="true"/>
		<TranslationData TranslationType="CNC" OTACode="IS" SupplierCode="108" PrimarySupplierCodeInd="true"/>
		<TranslationData TranslationType="CNC" OTACode="ID" SupplierCode="109" PrimarySupplierCodeInd="true"/>
		<TranslationData TranslationType="CNC" OTACode="IN" SupplierCode="110" PrimarySupplierCodeInd="true"/>
		<TranslationData TranslationType="CNC" OTACode="IQ" SupplierCode="111" PrimarySupplierCodeInd="true"/>
		<TranslationData TranslationType="CNC" OTACode="IE" SupplierCode="112" PrimarySupplierCodeInd="true"/>
		<TranslationData TranslationType="CNC" OTACode="IL" SupplierCode="113" PrimarySupplierCodeInd="true"/>
		<TranslationData TranslationType="CNC" OTACode="CI" SupplierCode="114" PrimarySupplierCodeInd="true"/>
		<TranslationData TranslationType="CNC" OTACode="JM" SupplierCode="115" PrimarySupplierCodeInd="true"/>
		<TranslationData TranslationType="CNC" OTACode="JP" SupplierCode="116" PrimarySupplierCodeInd="true"/>
		<TranslationData TranslationType="CNC" OTACode="JO" SupplierCode="117" PrimarySupplierCodeInd="true"/>
		<TranslationData TranslationType="CNC" OTACode="KZ" SupplierCode="118" PrimarySupplierCodeInd="true"/>
		<TranslationData TranslationType="CNC" OTACode="KE" SupplierCode="119" PrimarySupplierCodeInd="true"/>
		<TranslationData TranslationType="CNC" OTACode="KI" SupplierCode="120" PrimarySupplierCodeInd="true"/>
		<TranslationData TranslationType="CNC" OTACode="KW" SupplierCode="121" PrimarySupplierCodeInd="true"/>
		<TranslationData TranslationType="CNC" OTACode="KG" SupplierCode="122" PrimarySupplierCodeInd="true"/>
		<TranslationData TranslationType="CNC" OTACode="LA" SupplierCode="123" PrimarySupplierCodeInd="true"/>
		<TranslationData TranslationType="CNC" OTACode="LV" SupplierCode="124" PrimarySupplierCodeInd="true"/>
		<TranslationData TranslationType="CNC" OTACode="LB" SupplierCode="125" PrimarySupplierCodeInd="true"/>
		<TranslationData TranslationType="CNC" OTACode="LS" SupplierCode="126" PrimarySupplierCodeInd="true"/>
		<TranslationData TranslationType="CNC" OTACode="LR" SupplierCode="127" PrimarySupplierCodeInd="true"/>
		<TranslationData TranslationType="CNC" OTACode="LY" SupplierCode="128" PrimarySupplierCodeInd="true"/>
		<TranslationData TranslationType="CNC" OTACode="LU" SupplierCode="129" PrimarySupplierCodeInd="true"/>
		<TranslationData TranslationType="CNC" OTACode="MO" SupplierCode="130" PrimarySupplierCodeInd="true"/>
		<TranslationData TranslationType="CNC" OTACode="MK" SupplierCode="131" PrimarySupplierCodeInd="true"/>
		<TranslationData TranslationType="CNC" OTACode="MG" SupplierCode="132" PrimarySupplierCodeInd="true"/>
		<TranslationData TranslationType="CNC" OTACode="MW" SupplierCode="133" PrimarySupplierCodeInd="true"/>
		<TranslationData TranslationType="CNC" OTACode="MY" SupplierCode="134" PrimarySupplierCodeInd="true"/>
		<TranslationData TranslationType="CNC" OTACode="MV" SupplierCode="135" PrimarySupplierCodeInd="true"/>
		<TranslationData TranslationType="CNC" OTACode="ML" SupplierCode="136" PrimarySupplierCodeInd="true"/>
		<TranslationData TranslationType="CNC" OTACode="MT" SupplierCode="137" PrimarySupplierCodeInd="true"/>
		<TranslationData TranslationType="CNC" OTACode="MH" SupplierCode="138" PrimarySupplierCodeInd="true"/>
		<TranslationData TranslationType="CNC" OTACode="MQ" SupplierCode="139" PrimarySupplierCodeInd="true"/>
		<TranslationData TranslationType="CNC" OTACode="MR" SupplierCode="140" PrimarySupplierCodeInd="true"/>
		<TranslationData TranslationType="CNC" OTACode="MU" SupplierCode="141" PrimarySupplierCodeInd="true"/>
		<TranslationData TranslationType="CNC" OTACode="YT" SupplierCode="142" PrimarySupplierCodeInd="true"/>
		<TranslationData TranslationType="CNC" OTACode="MX" SupplierCode="143" PrimarySupplierCodeInd="true"/>
		<TranslationData TranslationType="CNC" OTACode="FM" SupplierCode="144" PrimarySupplierCodeInd="true"/>
		<TranslationData TranslationType="CNC" OTACode="MD" SupplierCode="145" PrimarySupplierCodeInd="true"/>
		<TranslationData TranslationType="CNC" OTACode="MC" SupplierCode="146" PrimarySupplierCodeInd="true"/>
		<TranslationData TranslationType="CNC" OTACode="MN" SupplierCode="147" PrimarySupplierCodeInd="true"/>
		<TranslationData TranslationType="CNC" OTACode="MS" SupplierCode="148" PrimarySupplierCodeInd="true"/>
		<TranslationData TranslationType="CNC" OTACode="MA" SupplierCode="149" PrimarySupplierCodeInd="true"/>
		<TranslationData TranslationType="CNC" OTACode="MZ" SupplierCode="150" PrimarySupplierCodeInd="true"/>
		<TranslationData TranslationType="CNC" OTACode="NA" SupplierCode="151" PrimarySupplierCodeInd="true"/>
		<TranslationData TranslationType="CNC" OTACode="NR" SupplierCode="152" PrimarySupplierCodeInd="true"/>
		<TranslationData TranslationType="CNC" OTACode="NP" SupplierCode="153" PrimarySupplierCodeInd="true"/>
		<TranslationData TranslationType="CNC" OTACode="AN" SupplierCode="154" PrimarySupplierCodeInd="true"/>
		<TranslationData TranslationType="CNC" OTACode="NC" SupplierCode="155" PrimarySupplierCodeInd="true"/>
		<TranslationData TranslationType="CNC" OTACode="NZ" SupplierCode="156" PrimarySupplierCodeInd="true"/>
		<TranslationData TranslationType="CNC" OTACode="NI" SupplierCode="157" PrimarySupplierCodeInd="true"/>
		<TranslationData TranslationType="CNC" OTACode="NE" SupplierCode="158" PrimarySupplierCodeInd="true"/>
		<TranslationData TranslationType="CNC" OTACode="NG" SupplierCode="159" PrimarySupplierCodeInd="true"/>
		<TranslationData TranslationType="CNC" OTACode="NU" SupplierCode="160" PrimarySupplierCodeInd="true"/>
		<TranslationData TranslationType="CNC" OTACode="NF" SupplierCode="161" PrimarySupplierCodeInd="true"/>
		<TranslationData TranslationType="CNC" OTACode="KP" SupplierCode="162" PrimarySupplierCodeInd="true"/>
		<TranslationData TranslationType="CNC" OTACode="MP" SupplierCode="163" PrimarySupplierCodeInd="true"/>
		<TranslationData TranslationType="CNC" OTACode="OM" SupplierCode="164" PrimarySupplierCodeInd="true"/>
		<TranslationData TranslationType="CNC" OTACode="PK" SupplierCode="165" PrimarySupplierCodeInd="true"/>
		<TranslationData TranslationType="CNC" OTACode="PW" SupplierCode="166" PrimarySupplierCodeInd="true"/>
		<TranslationData TranslationType="CNC" OTACode="PA" SupplierCode="167" PrimarySupplierCodeInd="true"/>
		<TranslationData TranslationType="CNC" OTACode="PG" SupplierCode="168" PrimarySupplierCodeInd="true"/>
		<TranslationData TranslationType="CNC" OTACode="PY" SupplierCode="169" PrimarySupplierCodeInd="true"/>
		<TranslationData TranslationType="CNC" OTACode="PE" SupplierCode="170" PrimarySupplierCodeInd="true"/>
		<TranslationData TranslationType="CNC" OTACode="PH" SupplierCode="171" PrimarySupplierCodeInd="true"/>
		<TranslationData TranslationType="CNC" OTACode="PN" SupplierCode="172" PrimarySupplierCodeInd="true"/>
		<TranslationData TranslationType="CNC" OTACode="PL" SupplierCode="173" PrimarySupplierCodeInd="true"/>
		<TranslationData TranslationType="CNC" OTACode="QA" SupplierCode="174" PrimarySupplierCodeInd="true"/>
		<TranslationData TranslationType="CNC" OTACode="RE" SupplierCode="175" PrimarySupplierCodeInd="true"/>
		<TranslationData TranslationType="CNC" OTACode="RO" SupplierCode="176" PrimarySupplierCodeInd="true"/>
		<TranslationData TranslationType="CNC" OTACode="RU" SupplierCode="177" PrimarySupplierCodeInd="true"/>
		<TranslationData TranslationType="CNC" OTACode="RW" SupplierCode="178" PrimarySupplierCodeInd="true"/>
		<TranslationData TranslationType="CNC" OTACode="SM" SupplierCode="179" PrimarySupplierCodeInd="true"/>
		<TranslationData TranslationType="CNC" OTACode="ST" SupplierCode="180" PrimarySupplierCodeInd="true"/>
		<TranslationData TranslationType="CNC" OTACode="SA" SupplierCode="181" PrimarySupplierCodeInd="true"/>
		<TranslationData TranslationType="CNC" OTACode="SN" SupplierCode="182" PrimarySupplierCodeInd="true"/>
		<TranslationData TranslationType="CNC" OTACode="CS" SupplierCode="183" PrimarySupplierCodeInd="true"/>
		<TranslationData TranslationType="CNC" OTACode="SL" SupplierCode="184" PrimarySupplierCodeInd="true"/>
		<TranslationData TranslationType="CNC" OTACode="SG" SupplierCode="185" PrimarySupplierCodeInd="true"/>
		<TranslationData TranslationType="CNC" OTACode="SK" SupplierCode="186" PrimarySupplierCodeInd="true"/>
		<TranslationData TranslationType="CNC" OTACode="SI" SupplierCode="187" PrimarySupplierCodeInd="true"/>
		<TranslationData TranslationType="CNC" OTACode="SB" SupplierCode="188" PrimarySupplierCodeInd="true"/>
		<TranslationData TranslationType="CNC" OTACode="SO" SupplierCode="189" PrimarySupplierCodeInd="true"/>
		<TranslationData TranslationType="CNC" OTACode="ZA" SupplierCode="190" PrimarySupplierCodeInd="true"/>
		<TranslationData TranslationType="CNC" OTACode="KR" SupplierCode="191" PrimarySupplierCodeInd="true"/>
		<TranslationData TranslationType="CNC" OTACode="LK" SupplierCode="192" PrimarySupplierCodeInd="true"/>
		<TranslationData TranslationType="CNC" OTACode="SH" SupplierCode="193" PrimarySupplierCodeInd="true"/>
		<TranslationData TranslationType="CNC" OTACode="KN" SupplierCode="194" PrimarySupplierCodeInd="true"/>
		<TranslationData TranslationType="CNC" OTACode="LC" SupplierCode="195" PrimarySupplierCodeInd="true"/>
		<TranslationData TranslationType="CNC" OTACode="PM" SupplierCode="196" PrimarySupplierCodeInd="true"/>
		<TranslationData TranslationType="CNC" OTACode="VC" SupplierCode="197" PrimarySupplierCodeInd="true"/>
		<TranslationData TranslationType="CNC" OTACode="GS" SupplierCode="198" PrimarySupplierCodeInd="true"/>
		<TranslationData TranslationType="CNC" OTACode="SD" SupplierCode="199" PrimarySupplierCodeInd="true"/>
		<TranslationData TranslationType="CNC" OTACode="SR" SupplierCode="200" PrimarySupplierCodeInd="true"/>
		<TranslationData TranslationType="CNC" OTACode="SJ" SupplierCode="201" PrimarySupplierCodeInd="true"/>
		<TranslationData TranslationType="CNC" OTACode="SZ" SupplierCode="202" PrimarySupplierCodeInd="true"/>
		<TranslationData TranslationType="CNC" OTACode="SE" SupplierCode="203" PrimarySupplierCodeInd="true"/>
		<TranslationData TranslationType="CNC" OTACode="CH" SupplierCode="204" PrimarySupplierCodeInd="true"/>
		<TranslationData TranslationType="CNC" OTACode="SY" SupplierCode="205" PrimarySupplierCodeInd="true"/>
		<TranslationData TranslationType="CNC" OTACode="TW" SupplierCode="206" PrimarySupplierCodeInd="true"/>
		<TranslationData TranslationType="CNC" OTACode="TJ" SupplierCode="207" PrimarySupplierCodeInd="true"/>
		<TranslationData TranslationType="CNC" OTACode="TZ" SupplierCode="208" PrimarySupplierCodeInd="true"/>
		<TranslationData TranslationType="CNC" OTACode="TH" SupplierCode="209" PrimarySupplierCodeInd="true"/>
		<TranslationData TranslationType="CNC" OTACode="TG" SupplierCode="210" PrimarySupplierCodeInd="true"/>
		<TranslationData TranslationType="CNC" OTACode="TK" SupplierCode="211" PrimarySupplierCodeInd="true"/>
		<TranslationData TranslationType="CNC" OTACode="TO" SupplierCode="212" PrimarySupplierCodeInd="true"/>
		<TranslationData TranslationType="CNC" OTACode="TT" SupplierCode="213" PrimarySupplierCodeInd="true"/>
		<TranslationData TranslationType="CNC" OTACode="TN" SupplierCode="214" PrimarySupplierCodeInd="true"/>
		<TranslationData TranslationType="CNC" OTACode="TR" SupplierCode="215" PrimarySupplierCodeInd="true"/>
		<TranslationData TranslationType="CNC" OTACode="TM" SupplierCode="216" PrimarySupplierCodeInd="true"/>
		<TranslationData TranslationType="CNC" OTACode="TC" SupplierCode="217" PrimarySupplierCodeInd="true"/>
		<TranslationData TranslationType="CNC" OTACode="TV" SupplierCode="218" PrimarySupplierCodeInd="true"/>
		<TranslationData TranslationType="CNC" OTACode="UG" SupplierCode="219" PrimarySupplierCodeInd="true"/>
		<TranslationData TranslationType="CNC" OTACode="AE" SupplierCode="220" PrimarySupplierCodeInd="true"/>
		<TranslationData TranslationType="CNC" OTACode="UY" SupplierCode="221" PrimarySupplierCodeInd="true"/>
		<TranslationData TranslationType="CNC" OTACode="UZ" SupplierCode="222" PrimarySupplierCodeInd="true"/>
		<TranslationData TranslationType="CNC" OTACode="VU" SupplierCode="223" PrimarySupplierCodeInd="true"/>
		<TranslationData TranslationType="CNC" OTACode="VA" SupplierCode="224" PrimarySupplierCodeInd="true"/>
		<TranslationData TranslationType="CNC" OTACode="VE" SupplierCode="225" PrimarySupplierCodeInd="true"/>
		<TranslationData TranslationType="CNC" OTACode="VN" SupplierCode="226" PrimarySupplierCodeInd="true"/>
		<TranslationData TranslationType="CNC" OTACode="WF" SupplierCode="227" PrimarySupplierCodeInd="true"/>
		<TranslationData TranslationType="CNC" OTACode="EH" SupplierCode="228" PrimarySupplierCodeInd="true"/>
		<TranslationData TranslationType="CNC" OTACode="WS" SupplierCode="229" PrimarySupplierCodeInd="true"/>
		<TranslationData TranslationType="CNC" OTACode="YE" SupplierCode="230" PrimarySupplierCodeInd="true"/>
		<TranslationData TranslationType="CNC" OTACode="ZM" SupplierCode="231" PrimarySupplierCodeInd="true"/>
		<TranslationData TranslationType="CNC" OTACode="ZW" SupplierCode="232" PrimarySupplierCodeInd="true"/>
		<TranslationData TranslationType="CNC" OTACode="AU" SupplierCode="233" PrimarySupplierCodeInd="true"/>
		<TranslationData TranslationType="CNC" OTACode="UA" SupplierCode="234" PrimarySupplierCodeInd="true"/>
		<TranslationData TranslationType="CNC" OTACode="GM" SupplierCode="235" PrimarySupplierCodeInd="true"/>
		<!-- Option Codes -->
		<TranslationData TranslationType="OPT" OTACode="TSCIAT" SupplierCode="APC" PrimarySupplierCodeInd="true"/>
		<TranslationData TranslationType="OPT" OTACode="TSCIOL" SupplierCode="ONC" PrimarySupplierCodeInd="true"/>
		<TranslationData TranslationType="OPT" OTACode="BGPP22" SupplierCode="BAGS" PrimarySupplierCodeInd="true"/>
		<TranslationData TranslationType="OPT" OTACode="BGSP" SupplierCode="SPEQ" PrimarySupplierCodeInd="true"/>
		<TranslationData TranslationType="OPT" OTACode="BGSPBI" SupplierCode="SPEQ:2" PrimarySupplierCodeInd="true"/>
		<TranslationData TranslationType="OPT" OTACode="BGSPBB" SupplierCode="SPEQ:3" PrimarySupplierCodeInd="true"/>
		<TranslationData TranslationType="OPT" OTACode="BGSPFI" SupplierCode="SPEQ:4" PrimarySupplierCodeInd="true"/>
		<TranslationData TranslationType="OPT" OTACode="BGSPGF" SupplierCode="SPEQ:5" PrimarySupplierCodeInd="true"/>
		<TranslationData TranslationType="OPT" OTACode="BGSPSE" SupplierCode="SPEQ:6" PrimarySupplierCodeInd="true"/>
		<TranslationData TranslationType="OPT" OTACode="BGSPSK" SupplierCode="SPEQ:7" PrimarySupplierCodeInd="true"/>
		<TranslationData TranslationType="OPT" OTACode="BGSPSF" SupplierCode="SPEQ:8" PrimarySupplierCodeInd="true"/>
		<TranslationData TranslationType="OPT" OTACode="BGSPWS" SupplierCode="SPEQ:9" PrimarySupplierCodeInd="true"/>
		<TranslationData TranslationType="OPT" OTACode="ML" SupplierCode="MEAL" PrimarySupplierCodeInd="true"/>
		<TranslationData TranslationType="OPT" OTACode="ML__VG" SupplierCode="MEAL:101" PrimarySupplierCodeInd="true"/>
		<TranslationData TranslationType="OPT" OTACode="ML__PR" SupplierCode="MEAL:102" PrimarySupplierCodeInd="true"/>
		<TranslationData TranslationType="OPT" OTACode="SA" SupplierCode="SEAT" PrimarySupplierCodeInd="true"/>
		<TranslationData TranslationType="OPT" OTACode="SA" SupplierCode="SEAT:STDS" PrimarySupplierCodeInd="true"/> 
		<TranslationData TranslationType="OPT" OTACode="SA__PR" SupplierCode="SEAT:ELRS" PrimarySupplierCodeInd="true"/>
	</Adapter>	
