<?xml version="1.0" encoding="UTF-8"?>
<NDCCabinTypeMapping>

    <PrimaryCarrier Code="QF">
    	<TranslationData CabinCode="R" CabinType="PremiumFirst"/>
		<TranslationData CabinCode="F" CabinType="First"/>
		<TranslationData CabinCode="J" CabinType="PremiumBusiness"/>
		<TranslationData CabinCode="C" CabinType="Business"/>
		<TranslationData CabinCode="W" CabinType="PremiumEconomy"/>
		<TranslationData CabinCode="Y" CabinType="Economy"/>
    </PrimaryCarrier>
    <PrimaryCarrier Code="LH">
    	<TranslationData CabinCode="R" CabinType="PremiumFirst"/>
		<TranslationData CabinCode="F" CabinType="First"/>
		<TranslationData CabinCode="J" CabinType="PremiumBusiness"/>
		<TranslationData CabinCode="C" CabinType="Business"/>
		<TranslationData CabinCode="W" CabinType="PremiumEconomy"/>
		<TranslationData CabinCode="Y" CabinType="Economy"/>
    </PrimaryCarrier>
    <PrimaryCarrier Code="AA">
		<TranslationData CabinCode="F" CabinType="First"/>
		<TranslationData CabinCode="C" CabinType="Business"/>
		<TranslationData CabinCode="W" CabinType="PremiumEconomy"/>
		<TranslationData CabinCode="Y" CabinType="Economy"/>
    </PrimaryCarrier>
	
</NDCCabinTypeMapping>
        

