<?xml version="1.0" encoding="UTF-8"?>
<CarrierMapping>
	<PrimaryCarrier Code="AK" Name="Air Asia">
		<SecondaryCarrier Code="AK" Name="Air Asia"/>
		<SecondaryCarrier Code="D7" Name="AirAsia X"/>
		<SecondaryCarrier Code="DJ" Name="AirAsia Japan"/>
		<SecondaryCarrier Code="FD" Name="Thai AirAsia"/>
		<SecondaryCarrier Code="I5" Name="AirAsia India"/>
		<SecondaryCarrier Code="XJ" Name="Thai AirAsia X"/>
		<SecondaryCarrier Code="XT" Name="Indonesia AirAsia X"/>
		<SecondaryCarrier Code="QZ" Name="Indonesia AirAsia"/>
		<SecondaryCarrier Code="Z2" Name="Philippines AirAsia"/>
	</PrimaryCarrier>
	<PrimaryCarrier Code="JM" Name="Jambojet">
		<SecondaryCarrier Code="JM" Name="Jambojet"/>
	</PrimaryCarrier>
	<PrimaryCarrier Code="HV" Name="Transavia">
		<SecondaryCarrier Code="HV" Name="Transavia"/>
	</PrimaryCarrier>
	<PrimaryCarrier Code="6E" Name="Indigo">
		<SecondaryCarrier Code="6E" Name="Indigo"/>
	</PrimaryCarrier>
	<PrimaryCarrier Code="TO" Name="Transavia France">
		<SecondaryCarrier Code="TO" Name="Transavia France"/>
	</PrimaryCarrier>
	<PrimaryCarrier Code="LS" Name="Jet2">
		<SecondaryCarrier Code="LS" Name="Jet2"/>
	</PrimaryCarrier>
	
	<PrimaryCarrier Code="UA" Name="UnitedAir">
		<SecondaryCarrier Code="UA" Name="UnitedAir"/>
	</PrimaryCarrier>
	<PrimaryCarrier Code="DL" Name="Delta">
		<SecondaryCarrier Code="DL" Name="Delta"/>
	</PrimaryCarrier>
	<PrimaryCarrier Code="LH" Name="Lufthansa">
		<SecondaryCarrier Code="LH" Name="Lufthansa"/>
		<SecondaryCarrier Code="SN" Name="Brussels Airlines"/>
		<SecondaryCarrier Code="LX" Name="Swiss Airlines"/>
		<SecondaryCarrier Code="OS" Name="Austrian Airlines"/>
	</PrimaryCarrier>
	<!-- TODO : Other Carriers
	<PrimaryCarrier Code="" Name="">
		<SecondaryCarrier Code="" Name=""/>
	</PrimaryCarrier> -->
</CarrierMapping>
        

