<?xml version="1.0" encoding="UTF-8"?>
<ReferenceData>
	<SupportedCarriers>
		<SupportedCarrier Code="LH" Name="Lufthansa" />
		<SupportedCarrier Code="QF" Name="Qantas" />
		<SupportedCarrier Code="AA" Name="American Airlines" />
	</SupportedCarriers>
	<SupportedOperations>
		<SupportedOperation Name="SHOP" Description="Segment Shop" />
		<SupportedOperation Name="PRICE" Description="Segment Price" />
		<SupportedOperation Name="ET" Description="Booking" />
	</SupportedOperations>
</ReferenceData>

