<?xml version="1.0" encoding="UTF-8"?>
<ShopAtomicMapping>
	<PrimaryCarrier Code="QF" Name="Qantas">
		<ODTInvocationBuilder QName="http://www.tvp.com/model/catalog/v4" LocalName="NDCSegmentShopResource" Action="RETRIEVE" SystemId="ATOMIC_SHOP" Version="4"/>
	</PrimaryCarrier>
	<PrimaryCarrier Code="LH" Name="Lufthansa">
		<ODTInvocationBuilder QName="http://www.tvp.com/model/catalog/v4" LocalName="NDCSegmentShopResource" Action="RETRIEVE" SystemId="ATOMIC_SHOP" Version="4"/>
	</PrimaryCarrier>
	<PrimaryCarrier Code="AA" Name="American Airlines">
		<ODTInvocationBuilder QName="http://www.tvp.com/model/catalog/v4" LocalName="NDCSegmentShopResource" Action="RETRIEVE" SystemId="ATOMIC_SHOP" Version="4"/>
	</PrimaryCarrier>
</ShopAtomicMapping>
        

