<?xml version="1.0" encoding="UTF-8"?>
<ShopAirModifierMapping>
	<Carrier Code="LH">
		<ShopModifierData nonStopDirect="T1" stopDirect="T1"
			singleConnection="T1" doubleConnection="T1" noAdvancePurchase="T2"
			noMinimumStay="T2" noMaximumStay="T2" noPenalty="T2"
			equivalentCurrency="T1" publicFares="T1" privateFares="T1" 
			publicAndPrivateFares="T1" 
			netFares="T2" cabinPreferencePermitted="T1"
			cabinPreferencePreferred="T4" airlinePreferencePermitted="T1"
			airlinePreferenceProhibited="T5" airlinePreferencePreferred="T5"
			ptcType="T3" excludeGround="T2"  prohibitChangeOfAirport="T3" maxConnectionDuration="T3"
			maxOvernightDuration="T3" excludeInterlineConnections="T3"
			accountCode="T5" />
	</Carrier>
	<Carrier Code="LX">
		<ShopModifierData nonStopDirect="T1" stopDirect="T1"
			singleConnection="T1" doubleConnection="T1" noAdvancePurchase="T2"
			noMinimumStay="T2" noMaximumStay="T2" noPenalty="T2"
			equivalentCurrency="T1" publicFares="T1" privateFares="T1" 
			publicAndPrivateFares="T1" 
			netFares="T2" cabinPreferencePermitted="T1"
			cabinPreferencePreferred="T4" airlinePreferencePermitted="T1"
			airlinePreferenceProhibited="T5" airlinePreferencePreferred="T5"
			ptcType="T3" excludeGround="T2"  prohibitChangeOfAirport="T3" maxConnectionDuration="T3"
			maxOvernightDuration="T3" excludeInterlineConnections="T3"
			accountCode="T5" />
	</Carrier>
	<Carrier Code="SN">
		<ShopModifierData nonStopDirect="T1" stopDirect="T1"
			singleConnection="T1" doubleConnection="T1" noAdvancePurchase="T2"
			noMinimumStay="T2" noMaximumStay="T2" noPenalty="T2"
			equivalentCurrency="T1" publicFares="T1" privateFares="T1" 
			publicAndPrivateFares="T1" 
			netFares="T2" cabinPreferencePermitted="T1"
			cabinPreferencePreferred="T4" airlinePreferencePermitted="T1"
			airlinePreferenceProhibited="T5" airlinePreferencePreferred="T5"
			ptcType="T3" excludeGround="T2"  prohibitChangeOfAirport="T3" maxConnectionDuration="T3"
			maxOvernightDuration="T3" excludeInterlineConnections="T3"
			accountCode="T5" />
	</Carrier>
	<Carrier Code="OS">
		<ShopModifierData nonStopDirect="T1" stopDirect="T1"
			singleConnection="T1" doubleConnection="T1" noAdvancePurchase="T2"
			noMinimumStay="T2" noMaximumStay="T2" noPenalty="T2"
			equivalentCurrency="T1" publicFares="T1" privateFares="T1" 
			publicAndPrivateFares="T1" 
			netFares="T2" cabinPreferencePermitted="T1"
			cabinPreferencePreferred="T4" airlinePreferencePermitted="T1"
			airlinePreferenceProhibited="T5" airlinePreferencePreferred="T5"
			ptcType="T3" excludeGround="T2"  prohibitChangeOfAirport="T3" maxConnectionDuration="T3"
			maxOvernightDuration="T3" excludeInterlineConnections="T3"
			accountCode="T5" />
	</Carrier>
</ShopAirModifierMapping>