<?xml version="1.0" encoding="UTF-8" standalone="yes"?>
<employees>
    <employee>
        <address>
            <houseNo>84</houseNo>
            <location>Baruipur</location>
            <pinNo>700144</pinNo>
        </address>
        <department>
            <deptId>1</deptId>
            <deptName>Developer</deptName>
        </department>
        <empId>1000</empId>
        <empName>Satirtha</empName>
    </employee>
    <employee>
        <address>
            <houseNo>841</houseNo>
            <location>Laketown</location>
            <pinNo>700029</pinNo>
        </address>
        <department>
            <deptId>1</deptId>
            <deptName>Analyst</deptName>
        </department>
        <empId>1001</empId>
        <empName>Shounak</empName>
    </employee>
</employees>